Source,Target,Weight,Avg_Popularity,Avg_Streams
trap latino,urbano latino,1053,60.12217194570136,8257637.561085973
reggaeton,urbano latino,1013,60.10328638497653,8486696.769953052
reggaeton,trap latino,883,59.80904522613066,8454033.180904523
urbano latino,urbano latino,611,59.986784140969164,8248482.863436123
trap latino,trap latino,463,60.63978494623656,7739813.279569892
reggaeton,reggaeton,444,59.127906976744185,8700670.058139535
reggaeton flow,urbano latino,192,57.5,7932012.847826087
reggaeton,reggaeton flow,174,57.63414634146341,8558873.902439024
reggaeton colombiano,urbano latino,171,60.9375,8292150.171875
reggaeton flow,trap latino,171,57.45454545454545,7624886.2727272725
reggaeton,reggaeton colombiano,123,61.21666666666667,8031337.566666666
reggaeton colombiano,trap latino,120,62.0,8458312.77586207
latin hip hop,urbano latino,110,60.45454545454545,7059324.204545454
latin hip hop,trap latino,95,60.73809523809524,7102030.976190476
latin hip hop,reggaeton,93,61.09756097560975,6457513.634146341
trap argentino,urbano latino,87,61.52777777777778,7646846.194444444
puerto rican pop,urbano latino,80,58.093023255813954,7898486.837209302
trap argentino,trap latino,76,62.21212121212121,8564139.272727273
puerto rican pop,reggaeton,74,57.92307692307692,8435660.153846154
puerto rican pop,trap latino,70,57.71052631578947,8882191.105263159
spanish hip hop,urbano espanol,65,35.6,2596744.2666666666
latin pop,urbano latino,65,62.11904761904762,9894111.80952381
trap boricua,trap latino,61,60.888888888888886,3128117.75
trap boricua,urbano latino,61,60.888888888888886,3128117.75
latin pop,reggaeton,57,62.41463414634146,10117361.0
reggaeton,trap boricua,52,58.724137931034484,2922387.172413793
trap triste,urbano latino,49,62.107142857142854,3114013.5
trap latino,trap triste,48,62.03703703703704,3083653.074074074
flamenco urbano,flamenco urbano,45,48.130434782608695,5934918.217391305
latin pop,trap latino,45,61.61764705882353,10441061.088235294
rap dominicano,urbano latino,41,58.411764705882355,10325028.05882353
argentine hip hop,urbano latino,41,63.041666666666664,10124348.166666666
urbano espanol,urbano espanol,40,41.714285714285715,3559928.523809524
reggaeton colombiano,reggaeton colombiano,38,62.75,7133621.1875
reggaeton,trap argentino,38,62.285714285714285,8089738.333333333
argentine hip hop,trap latino,38,63.130434782608695,10969527.56521739
pop,urbano latino,38,62.17391304347826,7550656.565217392
rap dominicano,reggaeton,37,58.75,10588973.625
pop,reggaeton,37,62.17391304347826,7550656.565217392
spanish hip hop,spanish hip hop,37,33.0,857582.5
flamenco urbano,pop flamenco,36,50.06666666666667,3116519.4
rap latina,urbano latino,36,55.833333333333336,8232575.375
flamenco urbano,urbano espanol,35,54.06666666666667,5413935.866666666
rap dominicano,trap latino,35,58.13333333333333,8972320.066666666
pop,trap latino,35,62.17391304347826,7550656.565217392
argentine hip hop,trap argentino,34,62.09090909090909,7139948.545454546
r&b en espanol,urbano latino,31,63.5,7613388.071428572
panamanian pop,urbano latino,31,63.214285714285715,9893268.714285715
spanish pop,urbano latino,31,53.91304347826087,6180012.043478261
colombian pop,urbano latino,31,62.31818181818182,9002472.363636363
pop,pop,30,69.5,3195603.230769231
boom bap espanol,spanish hip hop,30,26.166666666666668,4337506.666666667
panamanian pop,trap latino,29,63.214285714285715,9893268.714285715
trap argentino,trap argentino,28,62.09090909090909,7139948.545454546
r&b en espanol,trap latino,27,63.5,7613388.071428572
spanish pop,spanish pop,27,56.92,8524624.68
colombian pop,reggaeton,27,61.38095238095238,9441383.38095238
rap politico,spanish hip hop,27,42.8,1304054.2
r&b en espanol,reggaeton,26,61.333333333333336,6694721.25
dembow,urbano latino,26,61.84615384615385,9731054.0
panamanian pop,reggaeton,26,63.61538461538461,10631831.692307692
pop reggaeton,trap latino,26,57.63157894736842,2601371.263157895
pop reggaeton,urbano latino,26,57.63157894736842,2601371.263157895
boom bap espanol,urbano espanol,26,22.428571428571427,6311968.857142857
latin pop,spanish pop,26,58.583333333333336,5117907.791666667
reggaeton flow,reggaeton flow,25,51.0,4385715.75
rap latina,trap latino,25,55.36842105263158,8500808.263157895
dembow,reggaeton,24,62.583333333333336,10033483.583333334
trap argentino,trap triste,24,60.57142857142857,7022432.571428572
rap latina,reggaeton,24,58.0,8427496.235294119
rap underground espanol,spanish hip hop,24,29.857142857142858,946685.1428571428
reggaeton,trap triste,23,61.4375,2226194.8125
colombian pop,trap latino,23,61.705882352941174,9405643.823529411
reggaeton,spanish pop,23,54.75,7199186.0
urbano espanol,urbano latino,22,53.75,4200125.9
dembow,trap latino,22,62.09090909090909,7778456.909090909
drill espanol,urbano espanol,21,44.166666666666664,5390463.416666667
pop reggaeton,reggaeton,21,57.1875,3064129.5625
rap underground espanol,urbano espanol,20,25.0,827536.3333333334
latin pop,latin pop,19,57.94736842105263,5442525.47368421
latin hip hop,reggaeton flow,19,60.8,8246500.1
spanish pop,trap latino,19,52.285714285714285,7289416.642857143
drill espanol,flamenco urbano,18,53.5,4798144.9
latin hip hop,reggaeton colombiano,18,65.875,11477971.875
spanish pop,urbano espanol,18,51.06666666666667,9306190.066666666
pop flamenco,urbano espanol,18,54.916666666666664,8330131.75
rap,trap,18,69.33333333333333,316010.8888888889
dance pop,urbano latino,18,63.3,4346879.6
dance pop,pop,18,70.45454545454545,3917429.1818181816
flamenco urbano,urbano latino,17,52.27272727272727,4375267.363636363
flamenco urbano,spanish pop,17,47.0,6156546.7
trap latino,urbano espanol,17,53.13333333333333,2620496.6
colombian pop,latin pop,17,61.5,3623284.875
latin pop,reggaeton colombiano,17,59.642857142857146,5271912.714285715
dance pop,reggaeton,17,63.3,4346879.6
dance pop,trap latino,17,63.3,4346879.6
rap politico,urbano espanol,17,38.75,1214673.25
pop venezolano,urbano latino,16,62.25,8943194.25
hip hop,rap,16,77.66666666666667,194674.33333333334
pop venezolano,trap latino,15,62.23076923076923,9334377.461538462
pop argentino,urbano latino,15,66.18181818181819,8585979.636363637
rap,rap,14,70.7,352093.3
rap,trap latino,14,71.85714285714286,10075462.57142857
puerto rican pop,reggaeton flow,13,61.3,12737518.7
puerto rican pop,reggaeton colombiano,13,64.0909090909091,10722264.363636363
pop argentino,trap latino,13,66.66666666666667,9739545.0
rap,urbano latino,13,71.85714285714286,10075462.57142857
rap canario,spanish hip hop,12,33.0,832083.2
rap canario,urbano espanol,12,33.0,832083.2
latin arena pop,spanish pop,12,57.0,6974350.636363637
reggaeton flow,trap boricua,12,58.57142857142857,5721753.142857143
r&b argentino,urbano latino,11,64.66666666666667,11681351.666666666
flamenco urbano,spanish hip hop,11,50.666666666666664,2546215.5
pop flamenco,spanish pop,11,55.0,9689878.125
colombian pop,spanish pop,11,59.63636363636363,3876202.5454545454
argentine hip hop,reggaeton,11,60.90909090909091,12525879.272727273
reggaeton colombiano,spanish pop,11,54.111111111111114,3356734.777777778
rap,reggaeton,11,71.85714285714286,10075462.57142857
pop,rap,11,79.0,3601620.9
argentine hip hop,argentine hip hop,10,67.5,6735357.833333333
r&b argentino,trap latino,10,65.375,13044014.0
flamenco urbano,spanish pop rock,10,39.5,3668388.75
canadian pop,pop,10,67.0,3502859.6666666665
latin pop,rap latina,10,59.0,6568728.857142857
canadian hip hop,rap,10,77.5,402287.25
canadian pop,rap,10,76.77777777777777,253552.55555555556
hip hop,trap,10,77.14285714285714,147980.0
atl hip hop,rap,10,66.0,411977.5
rap,toronto rap,10,77.5,402287.25
argentine hip hop,trap triste,10,70.0,6245983.6
colombian pop,reggaeton colombiano,10,66.22222222222223,1586430.6666666667
pop argentino,reggaeton,10,68.75,10660818.875
latin arena pop,latin pop,10,53.9,4846040.1
spanish hip hop,spanish pop,10,54.0,3614627.5
pop flamenco,pop flamenco,10,49.125,3627885.625
rap latina,urbano espanol,10,49.4,11214659.0
latin talent show,spanish pop,10,52.22222222222222,3129194.3333333335
spanish hip hop,urbano latino,9,54.333333333333336,3787821.222222222
reggaeton colombiano,reggaeton flow,9,69.6,18312653.6
pop,reggaeton colombiano,9,66.77777777777777,6738086.222222222
mexican pop,spanish pop,9,58.22222222222222,6139798.222222222
latin viral pop,urbano latino,9,64.57142857142857,9725054.42857143
pop,puerto rican pop,9,52.142857142857146,7106576.428571428
melodic rap,rap,9,61.0,545197.0
pop venezolano,trap argentino,8,56.6,7232238.0
pop flamenco,urbano latino,8,51.142857142857146,3418318.4285714286
canadian hip hop,trap,8,76.83333333333333,417014.8333333333
toronto rap,trap,8,76.83333333333333,417014.8333333333
trap triste,trap triste,8,48.25,1481288.25
pop argentino,trap argentino,8,67.0,3065279.4
dembow dominicano,reggaeton,8,64.25,6458951.75
dembow dominicano,trap latino,8,64.25,6458951.75
dembow dominicano,urbano latino,8,64.25,6458951.75
latin hip hop,puerto rican pop,8,64.25,6645173.0
boom bap espanol,rap canario,8,23.4,5195219.2
neoperreo,trap latino,8,52.5,3471793.375
neoperreo,urbano latino,8,52.5,3471793.375
reggaeton,urbano espanol,8,50.833333333333336,4136690.0
latin viral pop,reggaeton,8,65.5,11215888.0
latin pop,pop argentino,8,61.25,13292207.5
electro latino,reggaeton,8,64.25,14799368.25
urbano latino,venezuelan hip hop,8,42.0,3221097.0
rap politico,rap underground espanol,8,33.0,1508117.3333333333
trap dominicano,trap latino,8,55.0,3650459.75
trap dominicano,urbano latino,8,55.0,3650459.75
reggaeton flow,trap argentino,8,66.0,2720853.4
edm,pop,8,59.4,468230.8
pop,pop dance,8,59.4,468230.8
uk drill,uk hip hop,8,71.0,643231.0
argentine hip hop,rap latina,8,50.833333333333336,9633764.166666666
rap latina,trap argentino,8,50.833333333333336,9633764.166666666
trap,trap latino,8,62.5,5966041.0
rap latina,spanish hip hop,8,27.5,7418245.5
boom bap espanol,rap politico,8,0.0,2813830.0
detroit trap en espanol,spanish hip hop,8,0.0,2813830.0
panamanian pop,reggaeton colombiano,7,64.5,7382608.833333333
puerto rican pop,trap boricua,7,52.857142857142854,1905797.142857143
pop reggaeton,reggaeton colombiano,7,61.0,2704530.285714286
rap dominicano,trap dominicano,7,32.4,4023222.4
cantautor,urbano espanol,7,41.57142857142857,3939060.1428571427
spanish pop rock,urbano espanol,7,49.166666666666664,13260051.166666666
drill espanol,pop flamenco,7,51.5,3974823.8333333335
drill espanol,spanish hip hop,7,40.2,2948367.0
bachata,urbano latino,7,66.83333333333333,12153329.333333334
spanish hip hop,trap latino,7,54.57142857142857,2941119.1428571427
trap argentino,urbano espanol,7,30.8,1905426.0
rumba,urbano espanol,7,62.857142857142854,20634281.85714286
pop dance,uk dance,7,81.0,11188888.0
rap catala,trap latino,7,52.142857142857146,3963087.1428571427
rap catala,urbano latino,7,52.142857142857146,3963087.1428571427
trap catala,trap latino,7,52.142857142857146,3963087.1428571427
trap catala,urbano latino,7,52.142857142857146,3963087.1428571427
rap latina,rap latina,7,60.6,8524214.8
colombian hip hop,spanish pop,7,50.6,2935590.6
bases de freestyle,trap argentino,7,67.75,9169371.75
drill espanol,drill espanol,7,53.6,574941.2
electro latino,urbano latino,7,64.25,14799368.25
mexican hip hop,trap latino,7,38.333333333333336,307159.3333333333
mexican hip hop,urbano latino,7,38.333333333333336,307159.3333333333
trap latino,trap mexicano,7,53.666666666666664,148930.33333333334
trap mexicano,urbano latino,7,53.666666666666664,148930.33333333334
electro latino,spanish pop,7,49.714285714285715,2309781.285714286
hip hop,pop,7,58.857142857142854,3741296.4285714286
latin pop,mexican pop,7,58.0,9220837.857142856
reggaeton,trap dominicano,7,52.666666666666664,191087.66666666666
melodic rap,trap,7,61.0,545197.0
pop rap,trap,7,77.0,906240.5
latin pop,puerto rican pop,7,60.714285714285715,11088885.714285715
trap venezolano,urbano latino,7,62.5,4696882.5
rap latina,reggaeton colombiano,7,59.333333333333336,9232597.833333334
r&b,trap latino,7,75.5,23957040.5
trap triste,urbano espanol,7,36.6,623326.0
boom bap espanol,rap underground espanol,7,30.0,984518.6666666666
melodic rap,trap latino,7,59.0,5861842.5
trap,urbano latino,7,62.5,5966041.0
dembow,rap dominicano,7,59.0,2252032.0
dembow,trap dominicano,6,32.4,4023222.4
argentine hip hop,pop venezolano,6,68.25,8707545.0
r&b argentino,trap argentino,6,69.33333333333333,11335980.0
latin hip hop,latin pop,6,62.0,11984112.6
bachata,reggaeton,6,66.83333333333333,12153329.333333334
edm,reggaeton,6,71.66666666666667,8531092.5
pop dance,reggaeton,6,71.66666666666667,8531092.5
edm,trap latino,6,71.66666666666667,8531092.5
pop dance,trap latino,6,71.66666666666667,8531092.5
edm,urbano latino,6,71.66666666666667,8531092.5
pop dance,urbano latino,6,71.66666666666667,8531092.5
atl hip hop,canadian hip hop,6,78.0,487346.8
canadian pop,trap,6,76.6,145796.4
atl hip hop,toronto rap,6,78.0,487346.8
atl hip hop,hip hop,6,78.0,165906.75
rap canario,urbano latino,6,56.2,8699522.8
latin hip hop,trap boricua,6,56.6,2874334.2
dembow,dembow dominicano,6,61.0,1701459.75
dembow dominicano,rap dominicano,6,61.0,1701459.75
spanish pop,spanish pop rock,6,61.166666666666664,13995157.0
mexican pop,reggaeton,6,66.5,2899271.8333333335
mexican pop,urbano latino,6,66.5,2899271.8333333335
reggaeton,uk pop,6,71.5,7259887.0
trap latino,uk pop,6,71.5,7259887.0
uk pop,urbano latino,6,71.5,7259887.0
pop venezolano,reggaeton,6,62.0,7755433.833333333
boom bap espanol,boom bap espanol,6,29.25,6448067.5
electro latino,trap latino,6,64.66666666666667,18767699.0
corrido,trap latino,6,53.0,120005.5
corridos tumbados,trap latino,6,53.0,120005.5
sad sierreno,trap latino,6,53.0,120005.5
corrido,urbano latino,6,53.0,120005.5
corridos tumbados,urbano latino,6,53.0,120005.5
sad sierreno,urbano latino,6,53.0,120005.5
canadian pop,hip hop,6,74.83333333333333,168718.0
hip hop,hip hop,6,75.83333333333333,162214.66666666666
nyc rap,trap latino,6,57.0,2008505.75
nyc rap,urbano latino,6,57.0,2008505.75
puerto rican pop,spanish pop,6,58.8,16041034.0
trap,trap,6,78.5,546257.75
pop rap,rap,6,75.33333333333333,625425.3333333334
latin viral pop,trap latino,6,61.75,10009136.75
r&b,urbano latino,6,75.5,23957040.5
uk hip hop,uk hip hop,6,71.0,643231.0
london rap,uk hip hop,6,71.0,643231.0
melodic rap,urbano latino,6,59.0,5861842.5
flamenco urbano,rap latina,6,60.0,8780491.0
argentine hip hop,r&b argentino,5,69.33333333333333,11335980.0
latin alternative,urbano espanol,5,34.6,2230153.4
latin rock,urbano espanol,5,34.6,2230153.4
cubaton,cubaton,5,42.666666666666664,23591515.0
latin hip hop,panamanian pop,5,61.6,4849093.8
tontipop,tontipop,5,55.8,5214270.4
brostep,reggaeton,5,70.2,10153787.2
brostep,trap latino,5,70.2,10153787.2
brostep,urbano latino,5,70.2,10153787.2
atl hip hop,canadian pop,5,78.0,165906.75
rap canario,trap latino,5,59.25,10633236.0
latin hip hop,trap triste,5,57.0,2730680.8
pop argentino,trap triste,5,68.66666666666667,1961981.6666666667
mexican pop,trap latino,5,65.2,3090738.0
latin arena pop,mexican pop,5,55.2,2272432.4
latin alternative,latin arena pop,5,54.0,526392.75
latin arena pop,pop argentino,5,50.2,7012581.0
pop argentino,spanish pop,5,58.75,8750133.25
neoperreo,reggaeton,5,52.0,4955872.8
rap catala,reggaeton,5,52.0,4955872.8
reggaeton,trap catala,5,52.0,4955872.8
latin pop,latin viral pop,5,63.6,6578783.4
r&b en espanol,reggaeton flow,5,56.0,4167847.0
pop venezolano,spanish pop,5,58.2,3450573.4
bases de freestyle,trap latino,5,69.0,12205742.0
bases de freestyle,urbano latino,5,69.0,12205742.0
drill espanol,trap triste,5,23.5,144509.75
colombian pop,mexican pop,5,63.6,5081608.8
r&b argentino,reggaeton,5,61.4,13970098.4
pop,r&b,5,70.5,9229484.25
corrido,reggaeton,5,52.0,138982.33333333334
corridos tumbados,reggaeton,5,52.0,138982.33333333334
reggaeton,sad sierreno,5,52.0,138982.33333333334
latin pop,latin talent show,5,61.2,7481349.2
latin talent show,urbano latino,5,61.8,4855747.4
canadian hip hop,hip hop,5,75.8,186782.8
hip hop,toronto rap,5,75.8,186782.8
nyc rap,reggaeton,5,57.0,2008505.75
drill espanol,rap canario,5,37.25,412530.5
latin pop,spanish pop rock,5,59.2,3722875.4
rap espanol,spanish pop,5,51.5,5058657.0
canadian contemporary r&b,pop,5,68.0,9988085.0
funk pop,reggaeton,5,41.333333333333336,2614217.6666666665
funk pop,urbano latino,5,41.333333333333336,2614217.6666666665
funk rj,reggaeton,5,41.333333333333336,2614217.6666666665
funk rj,urbano latino,5,41.333333333333336,2614217.6666666665
pagode baiano,reggaeton,5,41.333333333333336,2614217.6666666665
pagode baiano,urbano latino,5,41.333333333333336,2614217.6666666665
pop nacional,reggaeton,5,41.333333333333336,2614217.6666666665
pop nacional,urbano latino,5,41.333333333333336,2614217.6666666665
latin pop,reggaeton flow,5,68.0,18755043.75
hip hop,pop rap,5,74.0,51584.5
r&b,reggaeton,5,75.5,23957040.5
bachata,trap latino,5,69.4,14523534.6
latin pop,trap argentino,5,62.75,6780972.5
melodic rap,reggaeton,5,59.0,5861842.5
reggaeton,trap,5,62.5,5966041.0
flamenco urbano,latin hip hop,5,55.0,12022661.0
canadian hip hop,trap latino,5,71.0,11619578.0
canadian trap,trap latino,5,71.0,11619578.0
toronto rap,trap latino,5,71.0,11619578.0
latin hip hop,pop reggaeton,4,54.25,1076773.75
dembow,dominican pop,4,28.0,6483521.0
dominican pop,rap dominicano,4,28.0,6483521.0
rap canario,rap canario,4,59.5,4658008.75
latin hip hop,rap latina,4,57.666666666666664,2508968.6666666665
complextro,reggaeton,4,67.5,10285632.5
electro,reggaeton,4,67.5,10285632.5
complextro,trap latino,4,67.5,10285632.5
electro,trap latino,4,67.5,10285632.5
complextro,urbano latino,4,67.5,10285632.5
electro,urbano latino,4,67.5,10285632.5
atl trap,hip hop,4,80.66666666666667,205441.0
atl trap,rap,4,80.66666666666667,205441.0
rap canario,trap argentino,4,44.0,6902631.75
spanish hip hop,trap argentino,4,35.0,2871087.0
argentine hip hop,urbano espanol,4,38.5,2314655.75
australian dance,dance pop,4,74.5,7969878.75
australian dance,pop,4,74.5,7969878.75
k-pop,pop,4,82.0,1943468.3333333333
pop dance,pop dance,4,80.0,4983460.5
uk dance,uk dance,4,81.0,11188888.0
german dance,pop dance,4,79.5,4792824.5
german dance,uk dance,4,79.5,4792824.5
colombian pop,latin arena pop,4,51.333333333333336,210322.33333333334
pop,pop reggaeton,4,71.25,4936507.5
boom bap espanol,scandipop,4,33.5,11443829.0
colombian pop,puerto rican pop,4,65.5,14085142.75
puerto rican pop,trap argentino,4,63.25,3918948.25
flamenco,urbano espanol,4,62.75,19699159.25
cantautor,latin pop,4,43.0,543418.75
latin alternative,spanish pop,4,54.0,526392.75
r&b en espanol,trap argentino,4,61.75,7838319.0
argentine hip hop,bases de freestyle,4,69.0,8933740.0
drill espanol,trap latino,4,46.0,405623.3333333333
drill espanol,urbano latino,4,52.666666666666664,197490.66666666666
reggaeton colombiano,trap boricua,4,64.0,1356237.0
reggaeton colombiano,trap triste,4,64.0,1356237.0
dance pop,rap,4,79.5,7224944.75
mexican hip hop,reggaeton,4,53.5,147459.0
reggaeton,trap mexicano,4,53.5,147459.0
colombian pop,latin talent show,4,63.0,5292004.0
colombian pop,ghanaian alternative,4,40.5,456438.5
rap,southern hip hop,4,75.0,63908.0
dance pop,neo soul,4,6.0,3194583.0
neo soul,pop,4,6.0,3194583.0
reggaeton flow,spanish pop,4,39.0,707709.0
latin talent show,tontipop,4,54.0,2302125.6666666665
latin hip hop,latin hip hop,4,58.0,6309398.0
pop,r&b en espanol,4,48.75,5448673.5
latin arena pop,reggaeton,4,64.75,3484255.25
latin arena pop,urbano latino,4,65.75,3361464.5
reggaeton,venezuelan hip hop,4,42.0,3221097.0
trap latino,venezuelan hip hop,4,42.0,3221097.0
rap politico,rap politico,4,29.5,2237704.0
panamanian pop,reggaeton flow,4,68.5,5630082.0
electro latino,latin pop,4,58.0,1088596.75
atl hip hop,trap,4,78.5,939076.5
r&b en espanol,reggaeton colombiano,4,64.0,4408433.75
panamanian pop,r&b en espanol,4,65.33333333333333,7716379.0
miami hip hop,reggaeton,4,63.5,1456095.0
miami hip hop,trap latino,4,63.5,1456095.0
miami hip hop,urbano latino,4,63.5,1456095.0
latin hip hop,trap argentino,4,67.0,10963377.25
r&b,rap,4,51.0,46620.0
dembow,latin hip hop,4,54.5,2292631.0
latin hip hop,rap dominicano,4,54.5,2292631.0
flamenco urbano,trap latino,4,46.333333333333336,507335.3333333333
pop dance,uk pop,4,80.33333333333333,3876178.3333333335
brooklyn drill,uk hip hop,4,71.0,643231.0
new york drill,uk hip hop,4,71.0,643231.0
trap,uk hip hop,4,71.0,643231.0
melodic drill,uk hip hop,4,71.0,643231.0
london rap,uk drill,4,71.0,643231.0
argentine hip hop,latin pop,4,60.0,7312437.0
rap dominicano,reggaeton flow,4,58.5,223712.5
rap dominicano,rap dominicano,4,51.5,141963.5
detroit trap en espanol,urbano espanol,4,0.0,2813830.0
canadian hip hop,urbano latino,4,71.0,11619578.0
canadian trap,urbano latino,4,71.0,11619578.0
toronto rap,urbano latino,4,71.0,11619578.0
pop venezolano,r&b argentino,3,69.33333333333333,11335980.0
latin afrobeat,urbano espanol,3,38.333333333333336,2133532.6666666665
nueva cancion,urbano espanol,3,38.333333333333336,2133532.6666666665
trova,urbano espanol,3,38.333333333333336,2133532.6666666665
pop argentino,urbano espanol,3,38.0,2313519.6666666665
brostep,reggaeton colombiano,3,75.66666666666667,11310775.333333334
edm,reggaeton colombiano,3,75.66666666666667,11310775.333333334
pop dance,reggaeton colombiano,3,75.66666666666667,11310775.333333334
atl trap,canadian hip hop,3,80.66666666666667,205441.0
atl trap,canadian pop,3,80.66666666666667,205441.0
atl trap,toronto rap,3,80.66666666666667,205441.0
boom bap espanol,trap argentino,3,35.0,2871087.0
argentine hip hop,rap canario,3,58.666666666666664,9142233.666666666
argentine hip hop,spanish hip hop,3,35.0,2828922.3333333335
argentine hip hop,pop argentino,3,69.0,2752463.5
glam rock,pop,3,60.666666666666664,4198528.0
mellow gold,pop,3,60.666666666666664,4198528.0
piano rock,pop,3,60.666666666666664,4198528.0
pop,rock,3,60.666666666666664,4198528.0
glam rock,uk pop,3,60.666666666666664,4198528.0
mellow gold,uk pop,3,60.666666666666664,4198528.0
piano rock,uk pop,3,60.666666666666664,4198528.0
rock,uk pop,3,60.666666666666664,4198528.0
permanent wave,pop,3,81.33333333333333,1921997.6666666667
drill espanol,spanish pop,3,54.0,5946228.666666667
rumba,spanish pop,3,61.666666666666664,21650842.0
german dance,scandipop,3,79.5,4792824.5
cantautor,r&b en espanol,3,47.0,55417.0
latin arena pop,r&b en espanol,3,47.0,55417.0
r&b en espanol,spanish pop,3,47.0,55417.0
r&b en espanol,spanish rock,3,47.0,55417.0
dance pop,reggaeton colombiano,3,63.666666666666664,4850738.0
dance pop,pop reggaeton,3,68.33333333333333,6471792.666666667
trap argentino,trap boricua,3,75.33333333333333,11100159.333333334
rap canario,scandipop,3,37.333333333333336,7651801.666666667
scandipop,spanish hip hop,3,37.333333333333336,7651801.666666667
scandipop,urbano espanol,3,37.333333333333336,7651801.666666667
pop argentino,reggaeton colombiano,3,73.0,23407802.333333332
cantautor,latin alternative,3,55.666666666666664,523405.6666666667
cantautor,mexican pop,3,55.666666666666664,523405.6666666667
latin alternative,spanish rock,3,55.666666666666664,523405.6666666667
latin pop,spanish rock,3,55.666666666666664,523405.6666666667
mexican pop,spanish rock,3,55.666666666666664,523405.6666666667
australian hip hop,pop,3,65.66666666666667,8396620.0
rap latina,reggaeton flow,3,57.333333333333336,4435161.0
reggaeton flow,urbano espanol,3,54.0,3351800.3333333335
latin viral pop,rap latina,3,63.333333333333336,7735723.666666667
latin hip hop,r&b en espanol,3,64.33333333333333,9595549.666666666
reggaeton,spanish hip hop,3,51.0,3108889.0
reggaeton colombiano,spanish hip hop,3,51.0,3108889.0
rap,reggaeton colombiano,3,69.66666666666667,6629232.666666667
dutch hip hop,indonesian blues,3,57.0,3888730.0
colombian pop,latin viral pop,3,66.33333333333333,1119742.3333333333
pop argentino,pop argentino,3,70.0,22933761.0
colombian pop,electro latino,3,63.0,7661462.333333333
electro latino,reggaeton colombiano,3,63.0,7661462.333333333
dance pop,r&b,3,65.66666666666667,4978272.666666667
puerto rican pop,urbano espanol,3,52.666666666666664,5884637.0
latin talent show,reggaeton,3,60.666666666666664,5116751.333333333
latin talent show,reggaeton colombiano,3,60.666666666666664,5116751.333333333
latin talent show,trap latino,3,63.666666666666664,5451841.333333333
pop urbaine,reggaeton,3,50.333333333333336,1438309.3333333333
r&b francais,reggaeton,3,50.333333333333336,1438309.3333333333
pop urbaine,urbano latino,3,50.333333333333336,1438309.3333333333
r&b francais,urbano latino,3,50.333333333333336,1438309.3333333333
hip hop,southern hip hop,3,75.0,63908.0
dance pop,hip hop,3,32.666666666666664,6749550.666666667
argentine hip hop,spanish pop,3,49.0,2949789.3333333335
spanish pop,trap argentino,3,49.0,2949789.3333333335
spanish pop,trap triste,3,44.666666666666664,4943775.0
pop flamenco,spanish pop rock,3,51.666666666666664,4089699.3333333335
spanish hip hop,spanish pop rock,3,56.333333333333336,5014263.0
rap conciencia,rap espanol,3,50.333333333333336,367659.0
italian adult pop,spanish pop,3,64.33333333333333,24793583.0
italian pop,spanish pop,3,64.33333333333333,24793583.0
post-teen pop,reggaeton,3,42.333333333333336,9933611.0
post-teen pop,trap latino,3,42.333333333333336,9933611.0
post-teen pop,urbano latino,3,42.333333333333336,9933611.0
spanish pop rock,urbano latino,3,59.0,6097805.0
colombian hip hop,reggaeton,3,50.666666666666664,1844564.0
lgbtq+ hip hop,rap,3,75.33333333333333,7360057.333333333
mexican pop,reggaeton colombiano,3,62.333333333333336,1201384.6666666667
latin arena pop,reggaeton colombiano,3,61.0,1238647.5
latin arena pop,trap latino,3,63.333333333333336,3834639.0
pop argentino,rap latina,3,58.0,4087580.5
funk pop,trap latino,3,41.333333333333336,2614217.6666666665
funk rj,trap latino,3,41.333333333333336,2614217.6666666665
pagode baiano,trap latino,3,41.333333333333336,2614217.6666666665
pop nacional,trap latino,3,41.333333333333336,2614217.6666666665
latin talent show,spanish pop rock,3,52.333333333333336,5431065.333333333
pop,pop rap,3,72.0,1422512.3333333333
flamenco urbano,rap canario,3,49.5,687757.0
reggaeton colombiano,trap argentino,3,65.33333333333333,9176230.333333334
dembow,urbano espanol,3,52.5,3275512.5
rap dominicano,urbano espanol,3,52.5,3275512.5
pop flamenco,spanish hip hop,3,52.0,95877.5
atl hip hop,melodic rap,3,54.333333333333336,637761.3333333334
pop,rap latina,3,66.5,6152784.0
houston rap,pop,3,73.0,293201.5
pop,trap queen,3,73.0,293201.5
reggaeton,trap venezolano,3,62.5,4696882.5
trap latino,trap venezolano,3,62.5,4696882.5
rap underground espanol,rap underground espanol,3,0.3333333333333333,1219881.3333333333
hip hop,r&b,3,73.5,52364.5
mexican pop,pop argentino,3,50.666666666666664,10248835.333333334
reggaeton flow,trap triste,3,60.333333333333336,7060825.666666667
r&b en espanol,urbano espanol,3,67.33333333333333,13886579.0
gangster rap,hip hop,3,75.5,84420.5
gangster rap,rap,3,75.5,84420.5
big room,pop,3,71.0,51672.5
electro bailando,spanish pop,3,44.666666666666664,2581343.6666666665
dance pop,pop dance,3,80.5,5174096.5
dance pop,uk pop,3,80.5,5174096.5
indonesian blues,trap latino,3,60.666666666666664,6430920.0
indonesian blues,urbano latino,3,60.666666666666664,6430920.0
flamenco urbano,rap espanol,3,62.0,3304295.0
latin alternative,reggaeton,3,66.5,8166035.5
grime,uk hip hop,3,71.0,643231.0
manchester hip hop,uk hip hop,3,71.0,643231.0
afrobeats,uk hip hop,3,71.0,643231.0
afroswing,uk hip hop,3,71.0,643231.0
latin pop,pop,3,59.333333333333336,1893424.6666666667
dance pop,dance pop,3,57.0,1423243.6666666667
pop,urban contemporary,3,32.0,63309.0
reggaeton,slap house,3,64.0,4865256.5
slap house,trap latino,3,64.0,4865256.5
slap house,urbano latino,3,64.0,4865256.5
pop,uk pop,3,80.5,2035692.5
spanish hip hop,trap triste,3,40.0,1025444.0
girl group,pop dance,3,81.5,2405264.0
hip hop,melodic rap,3,80.0,186275.0
dembow,reggaeton flow,3,58.5,223712.5
pop venezolano,reggaeton colombiano,3,64.5,633302.5
cubaton,trap latino,3,63.0,603350.0
cubaton,urbano latino,3,63.0,603350.0
latin arena pop,latin talent show,3,60.0,7369178.666666667
dembow,dembow,3,59.0,2252032.0
rap canario,rap latina,3,30.5,8960036.5
rap canario,rap underground espanol,3,25.0,1452306.0
detroit trap en espanol,rap politico,3,0.0,2813830.0
rap latina,rap politico,3,0.0,2813830.0
rap canario,rap politico,3,0.0,2813830.0
boom bap espanol,rap latina,3,0.0,2813830.0
latin viral pop,spanish pop,3,60.666666666666664,4983335.666666667
pop rap,pop rap,3,76.0,39374.0
canadian hip hop,reggaeton,3,71.0,11619578.0
canadian trap,reggaeton,3,71.0,11619578.0
reggaeton,toronto rap,3,71.0,11619578.0
rap espanol,tontipop,2,50.0,4864447.5
bachata,latin pop,2,59.0,2118024.0
bachata,rap latina,2,59.0,2118024.0
argentine rock,urbano espanol,2,29.0,2375084.5
rock en espanol,urbano espanol,2,29.0,2375084.5
complextro,reggaeton colombiano,2,73.0,12152960.0
electro,reggaeton colombiano,2,73.0,12152960.0
argentine hip hop,boom bap espanol,2,52.5,4214717.5
boom bap espanol,r&b argentino,2,52.5,4214717.5
boom bap espanol,trap latino,2,52.5,4214717.5
boom bap espanol,urbano latino,2,52.5,4214717.5
r&b argentino,rap canario,2,52.5,4214717.5
r&b argentino,spanish hip hop,2,52.5,4214717.5
r&b argentino,urbano espanol,2,52.5,4214717.5
canadian pop,pop r&b,2,65.0,108387.5
pop,pop r&b,2,65.0,108387.5
dance pop,glam rock,2,80.5,6220305.0
dance pop,mellow gold,2,80.5,6220305.0
dance pop,piano rock,2,80.5,6220305.0
dance pop,rock,2,80.5,6220305.0
alternative dance,dance pop,2,80.5,6220305.0
aussietronica,dance pop,2,80.5,6220305.0
australian electropop,dance pop,2,80.5,6220305.0
alternative dance,pop,2,80.5,6220305.0
aussietronica,pop,2,80.5,6220305.0
australian electropop,pop,2,80.5,6220305.0
alternative dance,uk pop,2,80.5,6220305.0
aussietronica,uk pop,2,80.5,6220305.0
australian dance,uk pop,2,80.5,6220305.0
australian electropop,uk pop,2,80.5,6220305.0
alternative dance,glam rock,2,80.5,6220305.0
aussietronica,glam rock,2,80.5,6220305.0
australian dance,glam rock,2,80.5,6220305.0
australian electropop,glam rock,2,80.5,6220305.0
alternative dance,mellow gold,2,80.5,6220305.0
aussietronica,mellow gold,2,80.5,6220305.0
australian dance,mellow gold,2,80.5,6220305.0
australian electropop,mellow gold,2,80.5,6220305.0
alternative dance,piano rock,2,80.5,6220305.0
aussietronica,piano rock,2,80.5,6220305.0
australian dance,piano rock,2,80.5,6220305.0
australian electropop,piano rock,2,80.5,6220305.0
alternative dance,rock,2,80.5,6220305.0
aussietronica,rock,2,80.5,6220305.0
australian dance,rock,2,80.5,6220305.0
australian electropop,rock,2,80.5,6220305.0
k-pop,permanent wave,2,83.5,2706393.0
k-pop boy group,permanent wave,2,83.5,2706393.0
k-pop boy group,pop,2,83.5,2706393.0
pop dance,pop edm,2,79.5,4792824.5
pop dance,scandipop,2,79.5,4792824.5
pop edm,scandipop,2,79.5,4792824.5
scandipop,uk dance,2,79.5,4792824.5
pop edm,uk dance,2,79.5,4792824.5
cantautor,colombian indie,2,52.5,47806.5
colombian indie,latin arena pop,2,52.5,47806.5
colombian indie,spanish pop,2,52.5,47806.5
colombian indie,spanish rock,2,52.5,47806.5
cantautor,colombian pop,2,52.5,47806.5
colombian pop,spanish rock,2,52.5,47806.5
reggaeton colombiano,uk pop,2,71.5,7259887.0
pop reggaeton,uk pop,2,71.5,7259887.0
argentine hip hop,trap boricua,2,78.5,12723389.0
pop venezolano,trap boricua,2,78.5,12723389.0
pop venezolano,trap triste,2,78.5,12723389.0
flamenco fusion,urbano espanol,2,59.0,8211327.0
rock andaluz,urbano espanol,2,59.0,8211327.0
spanish new wave,urbano espanol,2,59.0,8211327.0
cantautor,mexican rock,2,53.5,660691.0
latin arena pop,mexican rock,2,53.5,660691.0
mexican rock,spanish pop,2,53.5,660691.0
mexican rock,spanish rock,2,53.5,660691.0
colombian pop,pop flamenco,2,62.5,186260.5
argentine telepop,latin arena pop,2,49.5,2158199.5
argentine telepop,spanish pop,2,49.5,2158199.5
australian hip hop,canadian pop,2,61.5,12470463.5
neoperreo,reggaeton flow,2,58.5,5007312.5
rap catala,reggaeton flow,2,58.5,5007312.5
reggaeton flow,trap catala,2,58.5,5007312.5
cali rap,melodic rap,2,45.5,4220541.5
colombian hip hop,spanish hip hop,2,50.5,4572130.5
hip pop,reggaeton,2,77.5,9787597.0
queens hip hop,reggaeton,2,77.5,9787597.0
hip pop,reggaeton colombiano,2,77.5,9787597.0
queens hip hop,reggaeton colombiano,2,77.5,9787597.0
hip pop,trap latino,2,77.5,9787597.0
queens hip hop,trap latino,2,77.5,9787597.0
hip pop,urbano latino,2,77.5,9787597.0
queens hip hop,urbano latino,2,77.5,9787597.0
deep latin alternative,neoperreo,2,45.5,809498.0
musica canaria,neoperreo,2,45.5,809498.0
deep latin alternative,rap catala,2,45.5,809498.0
musica canaria,rap catala,2,45.5,809498.0
deep latin alternative,rap latina,2,45.5,809498.0
musica canaria,rap latina,2,45.5,809498.0
deep latin alternative,trap catala,2,45.5,809498.0
musica canaria,trap catala,2,45.5,809498.0
deep latin alternative,urbano espanol,2,45.5,809498.0
musica canaria,urbano espanol,2,45.5,809498.0
bases de freestyle,pop venezolano,2,69.0,8933740.0
bases de freestyle,r&b argentino,2,69.0,8933740.0
argentine hip hop,puerto rican pop,2,60.0,3891830.0
puerto rican pop,r&b argentino,2,60.0,3891830.0
pop reggaeton,puerto rican pop,2,31.0,1585554.0
bossa nova,urbano espanol,2,53.5,5697954.5
mpb,urbano espanol,2,53.5,5697954.5
samba,urbano espanol,2,53.5,5697954.5
urbano espanol,violao,2,53.5,5697954.5
colombian pop,trap boricua,2,65.5,160347.5
pop reggaeton,trap boricua,2,65.5,160347.5
colombian pop,trap triste,2,65.5,160347.5
pop reggaeton,trap triste,2,65.5,160347.5
neoperreo,puerto rican pop,2,50.5,7356837.0
puerto rican pop,rap catala,2,50.5,7356837.0
puerto rican pop,rap latina,2,50.5,7356837.0
puerto rican pop,trap catala,2,50.5,7356837.0
corrido,mexican hip hop,2,53.5,147459.0
corridos tumbados,mexican hip hop,2,53.5,147459.0
mexican hip hop,sad sierreno,2,53.5,147459.0
corrido,trap mexicano,2,53.5,147459.0
corridos tumbados,trap mexicano,2,53.5,147459.0
sad sierreno,trap mexicano,2,53.5,147459.0
electro latino,latin talent show,2,57.5,4091725.5
afro soul,cantautor,2,47.5,138729.0
cantautor,kwaito,2,47.5,138729.0
cantautor,south african pop,2,47.5,138729.0
afro soul,latin arena pop,2,47.5,138729.0
kwaito,latin arena pop,2,47.5,138729.0
latin arena pop,south african pop,2,47.5,138729.0
afro soul,spanish pop,2,47.5,138729.0
kwaito,spanish pop,2,47.5,138729.0
south african pop,spanish pop,2,47.5,138729.0
afro soul,spanish rock,2,47.5,138729.0
kwaito,spanish rock,2,47.5,138729.0
south african pop,spanish rock,2,47.5,138729.0
french hip hop,puerto rican pop,2,46.0,214513.0
pop urbaine,puerto rican pop,2,46.0,214513.0
puerto rican pop,r&b francais,2,46.0,214513.0
puerto rican pop,rap algerien,2,46.0,214513.0
french hip hop,reggaeton,2,46.0,214513.0
rap algerien,reggaeton,2,46.0,214513.0
french hip hop,trap latino,2,46.0,214513.0
pop urbaine,trap latino,2,46.0,214513.0
r&b francais,trap latino,2,46.0,214513.0
rap algerien,trap latino,2,46.0,214513.0
french hip hop,urbano latino,2,46.0,214513.0
rap algerien,urbano latino,2,46.0,214513.0
afro r&b,colombian pop,2,40.5,456438.5
afrobeats,colombian pop,2,40.5,456438.5
alternative r&b,colombian pop,2,40.5,456438.5
colombian pop,ghanaian pop,2,40.5,456438.5
afro r&b,ghanaian alternative,2,40.5,456438.5
afrobeats,ghanaian alternative,2,40.5,456438.5
alternative r&b,ghanaian alternative,2,40.5,456438.5
ghanaian alternative,ghanaian alternative,2,40.5,456438.5
ghanaian alternative,ghanaian pop,2,40.5,456438.5
canadian hip hop,southern hip hop,2,74.5,76175.0
canadian pop,southern hip hop,2,74.5,76175.0
southern hip hop,toronto rap,2,74.5,76175.0
dance pop,escape room,2,6.0,3194583.0
escape room,pop,2,6.0,3194583.0
dance pop,indie soul,2,6.0,3194583.0
indie soul,pop,2,6.0,3194583.0
escape room,neo soul,2,6.0,3194583.0
hip hop,neo soul,2,6.0,3194583.0
indie soul,neo soul,2,6.0,3194583.0
neo soul,neo soul,2,6.0,3194583.0
nyc rap,puerto rican pop,2,50.0,624675.0
italian hip hop,spanish pop,2,63.5,29574193.0
pop virale italiano,spanish pop,2,63.5,29574193.0
rap napoletano,spanish pop,2,63.5,29574193.0
post-teen pop,puerto rican pop,2,37.5,14719347.0
pop venezolano,spanish pop rock,2,61.0,3135377.0
reggaeton,spanish pop rock,2,61.0,3135377.0
colombian hip hop,puerto rican pop,2,51.5,2499169.0
colombian hip hop,trap latino,2,51.5,2499169.0
colombian hip hop,urbano latino,2,51.5,2499169.0
latin talent show,vapor twitch,2,54.5,461435.5
tontipop,vapor twitch,2,54.5,461435.5
deep underground hip hop,lgbtq+ hip hop,2,82.5,11016905.0
kentucky hip hop,lgbtq+ hip hop,2,82.5,11016905.0
lgbtq+ hip hop,pop rap,2,82.5,11016905.0
pop r&b,reggaeton,2,60.5,4578611.0
pop r&b,reggaeton colombiano,2,60.5,4578611.0
pop r&b,trap latino,2,60.5,4578611.0
pop r&b,urbano latino,2,60.5,4578611.0
latin arena pop,spanish rock,2,56.5,2697507.5
spanish pop,spanish rock,2,56.5,2697507.5
art pop,pop,2,64.0,1258638.0
art pop,r&b en espanol,2,64.0,1258638.0
electropop,pop,2,64.0,1258638.0
electropop,r&b en espanol,2,64.0,1258638.0
spanish pop,tontipop,2,53.0,5983506.0
latin hip hop,spanish pop,2,48.0,6110480.0
rap latina,spanish pop,2,48.0,6110480.0
hyperpop en espanol,urbano espanol,2,28.5,395689.0
canadian pop,chicago rap,2,70.5,71874.5
canadian pop,pop rap,2,71.0,71094.5
panamanian pop,trap argentino,2,68.5,5630082.0
dominican pop,urbano latino,2,49.5,3108209.0
dembow,flamenco urbano,2,53.0,6101899.0
flamenco urbano,rap dominicano,2,53.0,6101899.0
dominican pop,flamenco urbano,2,53.0,6101899.0
dominican pop,urbano espanol,2,53.0,6101899.0
colombian pop,colombian pop,2,66.0,2179247.5
spanish pop,trap boricua,2,51.0,756410.0
flamenco urbano,rumba,2,50.0,411179.0
latin pop,urbano espanol,2,61.0,1487700.5
german techno,pop dance,2,80.0,6699089.0
german trance,pop dance,2,80.0,6699089.0
pop dance,trance,2,80.0,6699089.0
german techno,uk dance,2,80.0,6699089.0
german trance,uk dance,2,80.0,6699089.0
trance,uk dance,2,80.0,6699089.0
canadian hip hop,melodic rap,2,78.5,939076.5
melodic rap,melodic rap,2,42.0,904119.0
melodic rap,toronto rap,2,78.5,939076.5
canadian hip hop,pop rap,2,75.0,918451.0
pop rap,toronto rap,2,75.0,918451.0
canadian trap,rap,2,78.0,1773107.0
canadian trap,trap,2,78.0,1773107.0
melodic rap,pop rap,2,78.0,1773107.0
r&b en espanol,rap latina,2,66.5,6152784.0
canadian pop,melodic rap,2,79.0,431717.0
pop rap,reggaeton,2,56.0,1170640.0
pop rap,trap latino,2,56.0,1170640.0
pop rap,urbano latino,2,56.0,1170640.0
colombian pop,spanish hip hop,2,62.5,10233362.0
latin pop,spanish hip hop,2,56.0,3850754.5
reggaeton flow,trap venezolano,2,66.0,3042398.0
reggaeton flow,venezuelan hip hop,2,66.0,3042398.0
trap venezolano,venezuelan hip hop,2,66.0,3042398.0
argentine hip hop,latin hip hop,2,67.5,18836755.5
bases de freestyle,rap underground espanol,2,1.0,780033.0
canadian pop,r&b,2,78.0,11024237.0
r&b,trap,2,73.5,52364.5
reggaeton,urbano chileno,2,58.0,249174.0
reggaeton flow,urbano chileno,2,58.0,249174.0
trap latino,urbano chileno,2,58.0,249174.0
urbano chileno,urbano latino,2,58.0,249174.0
deep talent show,pop,2,69.0,40618.0
rap conciencia,urbano espanol,2,29.5,335552.5
neoperreo,urbano espanol,2,60.0,2785529.0
canadian hip hop,gangster rap,2,75.5,84420.5
canadian pop,gangster rap,2,75.5,84420.5
gangster rap,toronto rap,2,75.5,84420.5
australian pop,dance pop,2,68.5,9719452.5
australian pop,pop,2,68.5,9719452.5
pop flamenco,trap latino,2,46.5,521978.0
electro latino,flamenco urbano,2,47.0,9441814.5
electro latino,pop flamenco,2,47.0,9441814.5
house,uk dance,2,82.5,17584951.5
uk dance,uk pop,2,81.0,5788920.5
puerto rican pop,rap,2,79.5,18356061.0
hip hop,slap house,2,84.5,2813479.0
rap,slap house,2,84.5,2813479.0
slap house,slap house,2,75.5,3644064.0
latin rock,reggaeton,2,84.0,15796717.0
reggaeton,rock en espanol,2,84.0,15796717.0
latin alternative,trap latino,2,84.0,15796717.0
latin rock,trap latino,2,84.0,15796717.0
rock en espanol,trap latino,2,84.0,15796717.0
latin alternative,urbano latino,2,84.0,15796717.0
latin rock,urbano latino,2,84.0,15796717.0
rock en espanol,urbano latino,2,84.0,15796717.0
rap espanol,rap espanol,2,61.0,10418702.0
colombian hip hop,latin arena pop,2,49.0,535354.0
latin arena pop,salsa choke,2,49.0,535354.0
grime,uk drill,2,71.0,643231.0
manchester hip hop,uk drill,2,71.0,643231.0
grime,london rap,2,71.0,643231.0
london rap,manchester hip hop,2,71.0,643231.0
afrobeats,uk drill,2,71.0,643231.0
afroswing,uk drill,2,71.0,643231.0
brooklyn drill,uk drill,2,71.0,643231.0
new york drill,uk drill,2,71.0,643231.0
trap,uk drill,2,71.0,643231.0
brooklyn drill,london rap,2,71.0,643231.0
london rap,new york drill,2,71.0,643231.0
london rap,trap,2,71.0,643231.0
london rap,melodic drill,2,71.0,643231.0
dance pop,latin pop,2,59.5,2467890.5
argentine hip hop,r&b en espanol,2,66.0,12581884.5
dance pop,rap latina,2,59.0,780053.0
r&b argentino,rap latina,2,59.0,780053.0
mexican pop,spanish pop rock,2,61.5,4655714.0
drill espanol,trap colombiano,2,54.0,151873.0
drill espanol,trap mexicano,2,54.0,151873.0
pop argentino,pop venezolano,2,63.0,550914.5
reggaeton,viral pop,2,77.0,2971184.0
latin viral pop,reggaeton flow,2,64.5,4451287.0
urbano latino,viral pop,2,77.0,2971184.0
latin talent show,latin talent show,2,44.0,2394094.5
electronic trap,pop,2,70.5,233220.0
pop,post-teen pop,2,69.5,201014.0
lgbtq+ hip hop,pop,2,64.5,72101.5
drill espanol,trap argentino,2,0.0,162919.5
rap latina,trap triste,2,56.5,2352800.5
dance pop,urban contemporary,2,32.0,63309.0
pop venezolano,rap latina,2,38.0,17546709.0
alternative r&b,trap latino,2,38.0,5435285.5
trap latino,trap queen,2,41.0,5563660.5
alternative r&b,urbano latino,2,38.0,5435285.5
trap queen,urbano latino,2,41.0,5563660.5
r&b en espanol,trap boricua,2,63.5,956431.0
southern hip hop,trap,2,77.5,72210.0
rap,trap boricua,2,62.5,5966041.0
rap,trap triste,2,62.5,5966041.0
trap,trap boricua,2,62.5,5966041.0
trap,trap triste,2,62.5,5966041.0
colombian pop,pop venezolano,2,64.5,633302.5
latin pop,pop venezolano,2,58.0,604282.0
bachata dominicana,reggaeton,2,72.5,21206571.0
bachata dominicana,trap latino,2,72.5,21206571.0
bachata dominicana,urbano latino,2,72.5,21206571.0
cubaton,reggaeton,2,63.0,603350.0
electro latino,puerto rican pop,2,58.5,18249691.5
colombian pop,rap latina,2,57.0,17223513.0
dembow,nyc rap,2,74.0,6472169.0
latin arena pop,puerto rican pop,2,57.5,4202318.0
boom bap espanol,detroit trap en espanol,2,0.0,2813830.0
detroit trap en espanol,rap underground espanol,2,0.0,2813830.0
rap latina,rap underground espanol,2,0.0,2813830.0
dance pop,edm,2,79.0,50694.0
edm,pop dance,2,79.0,50694.0
dance pop,girl group,2,79.0,50694.0
dance pop,talent show,2,79.0,50694.0
edm,girl group,2,79.0,50694.0
edm,talent show,2,79.0,50694.0
edm,uk pop,2,79.0,50694.0
girl group,pop,2,79.0,50694.0
pop,talent show,2,79.0,50694.0
pop dance,talent show,2,79.0,50694.0
boom bap espanol,drill espanol,2,50.0,90782.0
mexican pop,puerto rican pop,2,63.0,2727895.0
pop,trap,2,86.0,6946450.5
dance pop,puerto rican pop,2,67.0,9885235.0
pop rap,r&b,2,76.0,39374.0
pop rap,southern hip hop,2,76.0,39374.0
pop rap,trap soul,2,76.0,39374.0
hip hop,westcoast flow,2,76.0,39374.0
pop rap,westcoast flow,2,76.0,39374.0
trap,westcoast flow,2,76.0,39374.0
puerto rican pop,r&b en espanol,2,62.0,56521.0
latin pop,trap triste,2,64.0,3933745.0
latin hip hop,urbano espanol,2,55.0,12022661.0
tontipop,urbano espanol,2,40.5,696963.0
banda,urbano espanol,2,63.0,5748339.0
corrido,urbano espanol,2,63.0,5748339.0
musica mexicana,urbano espanol,2,63.0,5748339.0
nueva musica mexicana,urbano espanol,2,63.0,5748339.0
sad sierreno,urbano espanol,2,63.0,5748339.0
sierreno,urbano espanol,2,63.0,5748339.0
banda,corrido,2,63.0,5748339.0
banda,musica mexicana,2,63.0,5748339.0
banda,nueva musica mexicana,2,63.0,5748339.0
banda,sad sierreno,2,63.0,5748339.0
banda,sierreno,2,63.0,5748339.0
corrido,musica mexicana,2,63.0,5748339.0
corrido,nueva musica mexicana,2,63.0,5748339.0
corrido,sad sierreno,2,63.0,5748339.0
corrido,sierreno,2,63.0,5748339.0
musica mexicana,nueva musica mexicana,2,63.0,5748339.0
musica mexicana,sad sierreno,2,63.0,5748339.0
musica mexicana,sierreno,2,63.0,5748339.0
nueva musica mexicana,sad sierreno,2,63.0,5748339.0
nueva musica mexicana,sierreno,2,63.0,5748339.0
sad sierreno,sierreno,2,63.0,5748339.0
latin hip hop,latin viral pop,2,55.0,3290858.0
canadian pop,canadian pop,2,51.0,538490.0
rap espanol,urbano espanol,2,61.5,753060.0
drill espanol,rap espanol,2,64.0,340272.0
rap espanol,spanish hip hop,2,59.0,1165848.0
colombian pop,rap canario,2,61.0,15106243.0
rap canario,reggaeton colombiano,2,61.0,15106243.0
canadian contemporary r&b,dance pop,1,84.0,281483.0
canadian pop,dance pop,1,84.0,281483.0
latin talent show,rap espanol,1,53.0,5983506.0
indonesian blues,italian hip hop,1,48.0,41522.0
indonesian blues,italian pop,1,48.0,41522.0
indonesian blues,trap italiana,1,48.0,41522.0
urbano espanol,world,1,72.0,52190002.0
flamenco guitar,urbano espanol,1,72.0,52190002.0
flamenco,flamenco guitar,1,72.0,52190002.0
flamenco guitar,rumba,1,72.0,52190002.0
flamenco guitar,world,1,72.0,52190002.0
neoperreo,pop argentino,1,56.0,2190390.0
pop argentino,rap catala,1,56.0,2190390.0
pop argentino,trap catala,1,56.0,2190390.0
neoperreo,rap latina,1,56.0,2190390.0
rap catala,rap latina,1,56.0,2190390.0
rap latina,trap catala,1,56.0,2190390.0
latin talent show,spanish hip hop,1,56.0,402340.0
rap romantico,reggaeton,1,45.0,1097118.0
rap romantico,reggaeton flow,1,45.0,1097118.0
rap romantico,trap latino,1,45.0,1097118.0
rap romantico,urbano latino,1,45.0,1097118.0
argentine hip hop,cumbia 420,1,75.0,23643978.0
cumbia 420,pop venezolano,1,75.0,23643978.0
cumbia 420,trap argentino,1,75.0,23643978.0
cumbia 420,trap latino,1,75.0,23643978.0
cumbia 420,urbano latino,1,75.0,23643978.0
hyperpop en espanol,swedish pop rap,1,52.0,38467.0
emo trap en espanol,hyperpop en espanol,1,0.0,46838.0
emo trap en espanol,rap regio,1,0.0,46838.0
rap regio,urbano espanol,1,0.0,46838.0
emo trap en espanol,urbano espanol,1,0.0,46838.0
funk pop,reggaeton flow,1,65.0,7046150.0
funk rj,reggaeton flow,1,65.0,7046150.0
pagode baiano,reggaeton flow,1,65.0,7046150.0
pop,reggaeton flow,1,65.0,7046150.0
pop nacional,reggaeton flow,1,65.0,7046150.0
latin hip hop,venezuelan hip hop,1,1.0,269526.0
puerto rican pop,venezuelan hip hop,1,1.0,269526.0
glitchcore,hyperpop en espanol,1,57.0,257497.0
hyperpop en espanol,slowed and reverb,1,57.0,257497.0
hyperpop en espanol,sped up,1,57.0,257497.0
glitchcore,rap regio,1,57.0,257497.0
rap regio,slowed and reverb,1,57.0,257497.0
rap regio,sped up,1,57.0,257497.0
glitchcore,urbano espanol,1,57.0,257497.0
slowed and reverb,urbano espanol,1,57.0,257497.0
sped up,urbano espanol,1,57.0,257497.0
mariachi,mexican hip hop,1,81.0,79986.0
mariachi,rap conciencia,1,81.0,79986.0
mexican hip hop,musica mexicana,1,81.0,79986.0
musica mexicana,rap conciencia,1,81.0,79986.0
mexican hip hop,nueva musica mexicana,1,81.0,79986.0
nueva musica mexicana,rap conciencia,1,81.0,79986.0
mexican hip hop,ranchera,1,81.0,79986.0
ranchera,rap conciencia,1,81.0,79986.0
chicago rap,pop,1,70.0,78394.0
canadian pop,conscious hip hop,1,70.0,78394.0
conscious hip hop,pop,1,70.0,78394.0
pop reggaeton,reggaeton flow,1,45.0,40776.0
indie catala,rap underground espanol,1,0.0,47433.0
musica catalana,rap underground espanol,1,0.0,47433.0
rap underground espanol,reggae catala,1,0.0,47433.0
rap underground espanol,rock catala,1,0.0,47433.0
latin hip hop,trap dominicano,1,43.0,321181.0
puerto rican pop,trap dominicano,1,43.0,321181.0
dembow,drill espanol,1,53.0,6101899.0
drill espanol,rap dominicano,1,53.0,6101899.0
dominican pop,drill espanol,1,53.0,6101899.0
latin viral pop,pop argentino,1,60.0,5984771.0
argentine hip hop,trap dominicano,1,62.0,14028576.0
pop venezolano,trap dominicano,1,62.0,14028576.0
trap argentino,trap dominicano,1,62.0,14028576.0
latin talent show,trap boricua,1,51.0,756410.0
pop flamenco,rumba,1,48.0,65774.0
rumba,spanish hip hop,1,48.0,65774.0
german techno,scandipop,1,80.0,6699089.0
german trance,scandipop,1,80.0,6699089.0
scandipop,trance,1,80.0,6699089.0
german dance,german dance,1,80.0,6699089.0
german dance,pop edm,1,80.0,6699089.0
german dance,german techno,1,80.0,6699089.0
german techno,pop edm,1,80.0,6699089.0
german dance,german trance,1,80.0,6699089.0
german trance,pop edm,1,80.0,6699089.0
german dance,trance,1,80.0,6699089.0
pop edm,trance,1,80.0,6699089.0
atl hip hop,pop rap,1,78.0,1773107.0
atl hip hop,canadian trap,1,78.0,1773107.0
canadian trap,melodic rap,1,78.0,1773107.0
canadian trap,pop rap,1,78.0,1773107.0
pop,trap dominicano,1,74.0,11525515.0
r&b en espanol,trap dominicano,1,74.0,11525515.0
latin hip hop,pop,1,75.0,16613653.0
panamanian pop,pop,1,75.0,16613653.0
canadian contemporary r&b,dfw rap,1,79.0,758388.0
canadian pop,dfw rap,1,79.0,758388.0
dfw rap,pop,1,79.0,758388.0
canadian contemporary r&b,melodic rap,1,79.0,758388.0
melodic rap,pop,1,79.0,758388.0
canadian contemporary r&b,rap,1,79.0,758388.0
adult standards,light music,1,50.0,102432.0
easy listening,light music,1,50.0,102432.0
light music,lounge,1,50.0,102432.0
dance pop,houston rap,1,67.0,168784.0
dance pop,trap queen,1,67.0,168784.0
hip hop,panamanian pop,1,64.0,2308840.0
hip hop,reggaeton,1,64.0,2308840.0
hip hop,trap latino,1,64.0,2308840.0
hip hop,urbano latino,1,64.0,2308840.0
miami hip hop,panamanian pop,1,64.0,2308840.0
panamanian pop,pop rap,1,64.0,2308840.0
panamanian pop,rap,1,64.0,2308840.0
concurso de talentos argentino,trap argentino,1,69.0,13681012.0
concurso de talentos argentino,trap latino,1,69.0,13681012.0
concurso de talentos argentino,urbano latino,1,69.0,13681012.0
electro latino,spanish hip hop,1,52.0,182406.0
trap venezolano,trap venezolano,1,66.0,3042398.0
venezuelan hip hop,venezuelan hip hop,1,66.0,3042398.0
spanish indie pop,tontipop,1,70.0,15419586.0
dutch edm,indonesian blues,1,67.0,11526464.0
indonesian blues,pop edm,1,67.0,11526464.0
latin hip hop,pop venezolano,1,71.0,33739766.0
melanesian pop,solomon islands pop,1,75.0,792200.0
pacific islands pop,solomon islands pop,1,75.0,792200.0
png pop,solomon islands pop,1,75.0,792200.0
bases de freestyle,spanish hip hop,1,1.0,780033.0
bases de freestyle,urbano espanol,1,1.0,780033.0
canadian hip hop,r&b,1,71.0,65355.0
r&b,toronto rap,1,71.0,65355.0
canadian hip hop,chicago drill,1,71.0,65355.0
canadian hip hop,chicago rap,1,71.0,65355.0
canadian hip hop,drill,1,71.0,65355.0
canadian pop,chicago drill,1,71.0,65355.0
canadian pop,drill,1,71.0,65355.0
chicago drill,hip hop,1,71.0,65355.0
chicago rap,hip hop,1,71.0,65355.0
drill,hip hop,1,71.0,65355.0
chicago drill,rap,1,71.0,65355.0
chicago rap,rap,1,71.0,65355.0
drill,rap,1,71.0,65355.0
chicago drill,toronto rap,1,71.0,65355.0
chicago rap,toronto rap,1,71.0,65355.0
drill,toronto rap,1,71.0,65355.0
chicago drill,r&b,1,71.0,65355.0
chicago rap,r&b,1,71.0,65355.0
drill,r&b,1,71.0,65355.0
bedroom pop,urbano espanol,1,61.0,3923083.0
bedroom soul,urbano espanol,1,61.0,3923083.0
latin arena pop,trap venezolano,1,53.0,44191.0
latin pop,trap venezolano,1,53.0,44191.0
spanish pop,trap venezolano,1,53.0,44191.0
latin arena pop,venezuelan hip hop,1,53.0,44191.0
latin pop,venezuelan hip hop,1,53.0,44191.0
spanish pop,venezuelan hip hop,1,53.0,44191.0
indie catala,jazz catala,1,0.0,50328.0
jazz catala,musica catalana,1,0.0,50328.0
jazz catala,reggae catala,1,0.0,50328.0
jazz catala,rock catala,1,0.0,50328.0
dance pop,deep talent show,1,69.0,40618.0
mexican hip hop,r&b en espanol,1,8.0,626560.0
mexican hip hop,spanish hip hop,1,8.0,626560.0
mexican hip hop,urbano espanol,1,8.0,626560.0
r&b en espanol,rap conciencia,1,8.0,626560.0
rap conciencia,spanish hip hop,1,8.0,626560.0
rap conciencia,trap latino,1,8.0,626560.0
rap conciencia,urbano latino,1,8.0,626560.0
art pop,hollywood,1,87.0,3194930.0
dance pop,hollywood,1,87.0,3194930.0
hollywood,pop,1,87.0,3194930.0
neoperreo,r&b en espanol,1,55.0,32737.0
neoperreo,spanish hip hop,1,55.0,32737.0
canadian hip hop,east coast hip hop,1,72.0,63795.0
canadian pop,east coast hip hop,1,72.0,63795.0
east coast hip hop,hip hop,1,72.0,63795.0
east coast hip hop,rap,1,72.0,63795.0
east coast hip hop,toronto rap,1,72.0,63795.0
australian dance,big room,1,63.0,52651.0
australian pop,big room,1,63.0,52651.0
australian dance,edm,1,63.0,52651.0
australian pop,edm,1,63.0,52651.0
australian dance,pop dance,1,63.0,52651.0
australian pop,pop dance,1,63.0,52651.0
electro latino,latin viral pop,1,65.0,1126859.0
electro latino,mexican pop,1,65.0,1126859.0
latin viral pop,reggaeton colombiano,1,65.0,1126859.0
dembow,latin pop,1,68.0,34838777.0
latin pop,rap dominicano,1,68.0,34838777.0
dembow,latin viral pop,1,68.0,34838777.0
latin viral pop,rap dominicano,1,68.0,34838777.0
dembow,rap latina,1,68.0,34838777.0
rap dominicano,rap latina,1,68.0,34838777.0
canadian contemporary r&b,r&b,1,85.0,21983119.0
canadian contemporary r&b,canadian pop,1,85.0,21983119.0
corrido,puerto rican pop,1,49.0,122029.0
corridos tumbados,puerto rican pop,1,49.0,122029.0
puerto rican pop,sad sierreno,1,49.0,122029.0
flamenco urbano,trap venezolano,1,49.0,79286.0
pop flamenco,trap venezolano,1,49.0,79286.0
flamenco urbano,venezuelan hip hop,1,49.0,79286.0
pop flamenco,venezuelan hip hop,1,49.0,79286.0
pop reggaeton,trap venezolano,1,49.0,79286.0
trap venezolano,urbano espanol,1,49.0,79286.0
pop reggaeton,venezuelan hip hop,1,49.0,79286.0
urbano espanol,venezuelan hip hop,1,49.0,79286.0
flamenco urbano,pop reggaeton,1,49.0,79286.0
pop flamenco,pop reggaeton,1,49.0,79286.0
electro bailando,flamenco urbano,1,44.0,171420.0
electro bailando,pop flamenco,1,44.0,171420.0
carnaval cadiz,latin arena pop,1,49.0,40402.0
carnaval cadiz,pop flamenco,1,49.0,40402.0
carnaval cadiz,spanish pop,1,49.0,40402.0
carnaval cadiz,spanish pop rock,1,49.0,40402.0
latin arena pop,pop flamenco,1,49.0,40402.0
dance pop,house,1,82.0,10297499.0
dance pop,uk contemporary r&b,1,82.0,10297499.0
dance pop,uk dance,1,82.0,10297499.0
house,pop dance,1,82.0,10297499.0
pop dance,uk contemporary r&b,1,82.0,10297499.0
uk contemporary r&b,uk dance,1,82.0,10297499.0
argentine hip hop,indonesian blues,1,73.0,11566414.0
indonesian blues,pop venezolano,1,73.0,11566414.0
indonesian blues,trap argentino,1,73.0,11566414.0
colombian pop,reggaeton flow,1,72.0,28280477.0
puerto rican pop,r&b,1,80.0,36294503.0
latin alternative,pop reggaeton,1,84.0,15796717.0
latin pop,pop reggaeton,1,84.0,15796717.0
latin rock,pop reggaeton,1,84.0,15796717.0
pop reggaeton,rock en espanol,1,84.0,15796717.0
canadian contemporary r&b,r&b en espanol,1,8.0,18497365.0
canadian pop,r&b en espanol,1,8.0,18497365.0
bongo flava,latin pop,1,63.0,358848.0
latin pop,tanzanian hip hop,1,63.0,358848.0
latin pop,tanzanian pop,1,63.0,358848.0
bongo flava,reggaeton,1,63.0,358848.0
reggaeton,tanzanian hip hop,1,63.0,358848.0
reggaeton,tanzanian pop,1,63.0,358848.0
bongo flava,reggaeton colombiano,1,63.0,358848.0
reggaeton colombiano,tanzanian hip hop,1,63.0,358848.0
reggaeton colombiano,tanzanian pop,1,63.0,358848.0
bongo flava,urbano latino,1,63.0,358848.0
tanzanian hip hop,urbano latino,1,63.0,358848.0
tanzanian pop,urbano latino,1,63.0,358848.0
salsa choke,spanish pop,1,49.0,535354.0
colombian hip hop,latin pop,1,49.0,535354.0
colombian hip hop,mexican pop,1,49.0,535354.0
latin alternative,latin pop,1,49.0,535354.0
latin alternative,mexican pop,1,49.0,535354.0
latin pop,salsa choke,1,49.0,535354.0
mexican pop,salsa choke,1,49.0,535354.0
reggaeton,salsa choke,1,49.0,535354.0
latin arena pop,latin arena pop,1,49.0,535354.0
colombian hip hop,neoperreo,1,42.0,51065.0
neoperreo,reggaeton colombiano,1,42.0,51065.0
colombian hip hop,rap catala,1,42.0,51065.0
rap catala,reggaeton colombiano,1,42.0,51065.0
colombian hip hop,rap latina,1,42.0,51065.0
colombian hip hop,trap catala,1,42.0,51065.0
reggaeton colombiano,trap catala,1,42.0,51065.0
colombian hip hop,urbano espanol,1,42.0,51065.0
reggaeton colombiano,urbano espanol,1,42.0,51065.0
adult standards,latin pop,1,21.0,149706.0
adult standards,mexican pop,1,21.0,149706.0
canadian pop,latin pop,1,21.0,149706.0
canadian pop,mexican pop,1,21.0,149706.0
jazz pop,latin pop,1,21.0,149706.0
jazz pop,mexican pop,1,21.0,149706.0
latin pop,lounge,1,21.0,149706.0
lounge,mexican pop,1,21.0,149706.0
basshall,latin pop,1,59.0,3885902.0
basshall,reggaeton,1,59.0,3885902.0
basshall,reggaeton colombiano,1,59.0,3885902.0
basshall,urbano latino,1,59.0,3885902.0
latin pop,pop urbaine,1,59.0,3885902.0
pop urbaine,reggaeton colombiano,1,59.0,3885902.0
latin pop,r&b francais,1,59.0,3885902.0
r&b francais,reggaeton colombiano,1,59.0,3885902.0
cantautor,rock en espanol,1,60.0,248835.0
cantautor,veracruz indie,1,60.0,248835.0
latin arena pop,rock en espanol,1,60.0,248835.0
latin arena pop,veracruz indie,1,60.0,248835.0
rock en espanol,spanish pop,1,60.0,248835.0
spanish pop,veracruz indie,1,60.0,248835.0
rock en espanol,spanish rock,1,60.0,248835.0
spanish rock,veracruz indie,1,60.0,248835.0
afrobeats,grime,1,71.0,643231.0
afroswing,grime,1,71.0,643231.0
afrobeats,manchester hip hop,1,71.0,643231.0
afroswing,manchester hip hop,1,71.0,643231.0
brooklyn drill,grime,1,71.0,643231.0
grime,new york drill,1,71.0,643231.0
grime,trap,1,71.0,643231.0
brooklyn drill,manchester hip hop,1,71.0,643231.0
manchester hip hop,new york drill,1,71.0,643231.0
manchester hip hop,trap,1,71.0,643231.0
grime,melodic drill,1,71.0,643231.0
manchester hip hop,melodic drill,1,71.0,643231.0
melodic drill,uk drill,1,71.0,643231.0
uk drill,uk drill,1,71.0,643231.0
afrobeats,brooklyn drill,1,71.0,643231.0
afrobeats,new york drill,1,71.0,643231.0
afrobeats,trap,1,71.0,643231.0
afroswing,brooklyn drill,1,71.0,643231.0
afroswing,new york drill,1,71.0,643231.0
afroswing,trap,1,71.0,643231.0
afrobeats,melodic drill,1,71.0,643231.0
afroswing,melodic drill,1,71.0,643231.0
afrobeats,london rap,1,71.0,643231.0
afroswing,london rap,1,71.0,643231.0
london rap,london rap,1,71.0,643231.0
brooklyn drill,melodic drill,1,71.0,643231.0
melodic drill,new york drill,1,71.0,643231.0
melodic drill,trap,1,71.0,643231.0
dance pop,latin viral pop,1,59.0,780053.0
latin viral pop,pop,1,59.0,780053.0
latin pop,r&b en espanol,1,59.0,780053.0
latin viral pop,r&b en espanol,1,59.0,780053.0
latin pop,r&b argentino,1,59.0,780053.0
argentine hip hop,latin viral pop,1,59.0,780053.0
latin viral pop,r&b argentino,1,59.0,780053.0
latin viral pop,trap argentino,1,59.0,780053.0
dance pop,r&b en espanol,1,59.0,780053.0
argentine hip hop,dance pop,1,59.0,780053.0
dance pop,r&b argentino,1,59.0,780053.0
dance pop,trap argentino,1,59.0,780053.0
argentine hip hop,pop,1,59.0,780053.0
pop,r&b argentino,1,59.0,780053.0
pop,trap argentino,1,59.0,780053.0
r&b argentino,r&b en espanol,1,59.0,780053.0
atl hip hop,brooklyn drill,1,6.0,35131.0
atl hip hop,nyc rap,1,6.0,35131.0
brooklyn drill,melodic rap,1,6.0,35131.0
melodic rap,nyc rap,1,6.0,35131.0
brooklyn drill,r&b,1,6.0,35131.0
melodic rap,r&b,1,6.0,35131.0
nyc rap,r&b,1,6.0,35131.0
brooklyn drill,rap,1,6.0,35131.0
nyc rap,rap,1,6.0,35131.0
brooklyn drill,trap,1,6.0,35131.0
nyc rap,trap,1,6.0,35131.0
chihuahua indie,urbano espanol,1,70.0,14568331.0
indie triste,urbano espanol,1,70.0,14568331.0
mexican indie,urbano espanol,1,70.0,14568331.0
latin arena pop,spanish pop rock,1,63.0,54837.0
musica tlaxcalteca,spanish pop,1,63.0,54837.0
musica tlaxcalteca,spanish pop rock,1,63.0,54837.0
electro house,melodic rap,1,69.0,2313584.0
electro house,slap house,1,69.0,2313584.0
melodic rap,pop dance,1,69.0,2313584.0
pop dance,slap house,1,69.0,2313584.0
melodic rap,slap house,1,69.0,2313584.0
trap colombiano,trap latino,1,54.0,151873.0
trap colombiano,trap triste,1,54.0,151873.0
trap mexicano,trap triste,1,54.0,151873.0
trap colombiano,urbano espanol,1,54.0,151873.0
trap mexicano,urbano espanol,1,54.0,151873.0
trap colombiano,urbano latino,1,54.0,151873.0
reggaeton flow,viral pop,1,74.0,5611716.0
colombian pop,pop argentino,1,66.0,1274403.0
cuatro puertorriqueno,puerto rican pop,1,36.0,122426.0
cuatro puertorriqueno,reggaeton,1,36.0,122426.0
cuatro puertorriqueno,trap latino,1,36.0,122426.0
cuatro puertorriqueno,urbano latino,1,36.0,122426.0
musica jibara,puerto rican pop,1,36.0,122426.0
musica jibara,reggaeton,1,36.0,122426.0
musica jibara,trap latino,1,36.0,122426.0
musica jibara,urbano latino,1,36.0,122426.0
edm,post-teen pop,1,62.0,48821.0
electronic trap,post-teen pop,1,62.0,48821.0
pop dance,post-teen pop,1,62.0,48821.0
houston rap,lgbtq+ hip hop,1,61.0,46362.0
lgbtq+ hip hop,trap queen,1,61.0,46362.0
funk pop,latin pop,1,59.0,744493.0
funk pop,reggaeton colombiano,1,59.0,744493.0
funk rj,latin pop,1,59.0,744493.0
funk rj,reggaeton colombiano,1,59.0,744493.0
latin pop,pagode baiano,1,59.0,744493.0
pagode baiano,reggaeton colombiano,1,59.0,744493.0
latin pop,pop nacional,1,59.0,744493.0
pop nacional,reggaeton colombiano,1,59.0,744493.0
indie catala,musica catalana,1,0.0,54804.0
musica catalana,musica catalana,1,0.0,54804.0
musica catalana,reggae catala,1,0.0,54804.0
musica catalana,rock catala,1,0.0,54804.0
argentine hip hop,neoperreo,1,49.0,771856.0
neoperreo,trap argentino,1,49.0,771856.0
neoperreo,trap triste,1,49.0,771856.0
argentine hip hop,rap catala,1,49.0,771856.0
rap catala,trap argentino,1,49.0,771856.0
rap catala,trap triste,1,49.0,771856.0
argentine hip hop,trap catala,1,49.0,771856.0
trap argentino,trap catala,1,49.0,771856.0
trap catala,trap triste,1,49.0,771856.0
latin arena pop,modern salsa,1,63.0,1500441.0
latin arena pop,salsa,1,63.0,1500441.0
latin arena pop,tropical,1,63.0,1500441.0
latin pop,pop flamenco,1,63.0,1500441.0
modern salsa,pop flamenco,1,63.0,1500441.0
pop flamenco,salsa,1,63.0,1500441.0
pop flamenco,tropical,1,63.0,1500441.0
modern salsa,spanish pop,1,63.0,1500441.0
salsa,spanish pop,1,63.0,1500441.0
spanish pop,tropical,1,63.0,1500441.0
r&b,urban contemporary,1,32.0,63309.0
urban contemporary,urban contemporary,1,32.0,63309.0
melodic rap,pop reggaeton,1,47.0,104107.0
pop reggaeton,slap house,1,47.0,104107.0
latin hip hop,melodic rap,1,47.0,104107.0
latin hip hop,slap house,1,47.0,104107.0
alternative r&b,argentine hip hop,1,3.0,10709702.0
argentine hip hop,trap queen,1,3.0,10709702.0
alternative r&b,pop venezolano,1,3.0,10709702.0
pop venezolano,trap queen,1,3.0,10709702.0
alternative r&b,trap argentino,1,3.0,10709702.0
trap argentino,trap queen,1,3.0,10709702.0
spanish hip hop,trap boricua,1,80.0,1867062.0
trap boricua,urbano espanol,1,80.0,1867062.0
r&b en espanol,trap triste,1,80.0,1867062.0
cantautor,mexican indie,1,36.0,70638.0
latin arena pop,mexican indie,1,36.0,70638.0
mexican indie,spanish pop,1,36.0,70638.0
mexican indie,spanish rock,1,36.0,70638.0
cantautor,monterrey indie,1,36.0,70638.0
latin arena pop,monterrey indie,1,36.0,70638.0
monterrey indie,spanish pop,1,36.0,70638.0
monterrey indie,spanish rock,1,36.0,70638.0
colombian pop,muzica etno,1,75.0,15785853.0
muzica etno,reggaeton,1,75.0,15785853.0
muzica etno,reggaeton colombiano,1,75.0,15785853.0
muzica etno,trap latino,1,75.0,15785853.0
muzica etno,urbano latino,1,75.0,15785853.0
puerto rican pop,puerto rican pop,1,58.0,9497331.0
dance pop,nz pop,1,78.0,991254.0
nz pop,pop,1,78.0,991254.0
copla,urbano espanol,1,55.0,3195793.0
atl hip hop,pop dance,1,84.0,4759834.0
hip pop,pop dance,1,84.0,4759834.0
pop dance,r&b,1,84.0,4759834.0
pop dance,southern hip hop,1,84.0,4759834.0
pop dance,urban contemporary,1,84.0,4759834.0
atl hip hop,tech house,1,84.0,4759834.0
girl group,tech house,1,84.0,4759834.0
hip pop,tech house,1,84.0,4759834.0
r&b,tech house,1,84.0,4759834.0
southern hip hop,tech house,1,84.0,4759834.0
tech house,urban contemporary,1,84.0,4759834.0
atl hip hop,atl hip hop,1,79.0,105046.0
atl hip hop,atl trap,1,79.0,105046.0
atl hip hop,gangster rap,1,79.0,105046.0
atl hip hop,southern hip hop,1,79.0,105046.0
atl trap,southern hip hop,1,79.0,105046.0
gangster rap,southern hip hop,1,79.0,105046.0
melodic rap,southern hip hop,1,79.0,105046.0
atl trap,trap,1,79.0,105046.0
gangster rap,trap,1,79.0,105046.0
pop rap,reggaeton colombiano,1,48.0,32440.0
europop,uk dance,1,81.0,3579850.0
electro bailando,electro latino,1,53.0,6889455.0
electro latino,electro latino,1,53.0,6889455.0
colombian pop,r&b en espanol,1,61.0,589394.0
latin hip hop,nyc rap,1,54.0,312504.0
latin hip hop,rap,1,54.0,312504.0
latin hip hop,trap,1,54.0,312504.0
nyc rap,trap boricua,1,54.0,312504.0
nyc rap,trap triste,1,54.0,312504.0
nyc rap,reggaeton colombiano,1,54.0,312504.0
reggaeton colombiano,trap,1,54.0,312504.0
bachata,puerto rican pop,1,64.0,335419.0
bachata dominicana,puerto rican pop,1,64.0,335419.0
afrobeats,neoperreo,1,58.0,11330098.0
neoperreo,nigerian pop,1,58.0,11330098.0
afrobeats,rap catala,1,58.0,11330098.0
nigerian pop,rap catala,1,58.0,11330098.0
afrobeats,rap latina,1,58.0,11330098.0
nigerian pop,rap latina,1,58.0,11330098.0
afrobeats,trap catala,1,58.0,11330098.0
nigerian pop,trap catala,1,58.0,11330098.0
afrobeats,urbano espanol,1,58.0,11330098.0
nigerian pop,urbano espanol,1,58.0,11330098.0
cubaton,dembow,1,63.0,603350.0
cubaton,rap dominicano,1,63.0,603350.0
dembow,trap boricua,1,63.0,603350.0
rap dominicano,trap boricua,1,63.0,603350.0
dance pop,dembow,1,63.0,603350.0
dembow,miami hip hop,1,63.0,603350.0
dembow,pop,1,63.0,603350.0
dance pop,rap dominicano,1,63.0,603350.0
miami hip hop,rap dominicano,1,63.0,603350.0
pop,rap dominicano,1,63.0,603350.0
cubaton,trap boricua,1,63.0,603350.0
cubaton,dance pop,1,63.0,603350.0
cubaton,miami hip hop,1,63.0,603350.0
cubaton,pop,1,63.0,603350.0
dance pop,trap boricua,1,63.0,603350.0
miami hip hop,trap boricua,1,63.0,603350.0
pop,trap boricua,1,63.0,603350.0
electro latino,reggaeton flow,1,68.0,36213086.0
rap canario,spanish pop,1,44.0,170412.0
argentine hip hop,latin talent show,1,76.0,8172073.0
latin talent show,r&b argentino,1,76.0,8172073.0
latin talent show,trap argentino,1,76.0,8172073.0
r&b argentino,spanish pop,1,76.0,8172073.0
pop flamenco,rap canario,1,44.0,964670.0
glam rock,singer-songwriter pop,1,21.0,154974.0
mellow gold,singer-songwriter pop,1,21.0,154974.0
piano rock,singer-songwriter pop,1,21.0,154974.0
rock,singer-songwriter pop,1,21.0,154974.0
reggaeton chileno,urbano espanol,1,65.0,35164.0
trap chileno,urbano espanol,1,65.0,35164.0
dance pop,lgbtq+ hip hop,1,68.0,97841.0
corrido,trap boricua,1,56.0,63075.0
corridos tumbados,trap boricua,1,56.0,63075.0
sad sierreno,trap boricua,1,56.0,63075.0
corrido,trap triste,1,56.0,63075.0
corridos tumbados,trap triste,1,56.0,63075.0
sad sierreno,trap triste,1,56.0,63075.0
afro soul,bolobedu house,1,76.0,4483833.0
bolobedu house,south african pop,1,76.0,4483833.0
afro soul,south african house,1,76.0,4483833.0
south african house,south african pop,1,76.0,4483833.0
dembow dominicano,reggaeton flow,1,52.0,206427.0
reggaeton flow,trap dominicano,1,52.0,206427.0
canadian contemporary r&b,edm,1,14.0,1771369.0
canadian pop,edm,1,14.0,1771369.0
canadian contemporary r&b,pop dance,1,14.0,1771369.0
canadian pop,pop dance,1,14.0,1771369.0
canadian contemporary r&b,progressive electro house,1,14.0,1771369.0
canadian pop,progressive electro house,1,14.0,1771369.0
pop,progressive electro house,1,14.0,1771369.0
dominican pop,reggaeton,1,46.0,114519.0
dominican pop,reggaeton colombiano,1,46.0,114519.0
dominican pop,trap latino,1,46.0,114519.0
canadian hip hop,slap house,1,87.0,652414.0
canadian pop,slap house,1,87.0,652414.0
slap house,toronto rap,1,87.0,652414.0
big room,reggaeton,1,81.0,9626406.0
dutch edm,reggaeton,1,81.0,9626406.0
house,reggaeton,1,81.0,9626406.0
reggaeton,trance,1,81.0,9626406.0
big room,reggaeton colombiano,1,81.0,9626406.0
dutch edm,reggaeton colombiano,1,81.0,9626406.0
house,reggaeton colombiano,1,81.0,9626406.0
reggaeton colombiano,slap house,1,81.0,9626406.0
reggaeton colombiano,trance,1,81.0,9626406.0
big room,trap latino,1,81.0,9626406.0
dutch edm,trap latino,1,81.0,9626406.0
house,trap latino,1,81.0,9626406.0
trance,trap latino,1,81.0,9626406.0
big room,urbano latino,1,81.0,9626406.0
dutch edm,urbano latino,1,81.0,9626406.0
house,urbano latino,1,81.0,9626406.0
trance,urbano latino,1,81.0,9626406.0
argentine hip hop,colombian pop,1,57.0,17223513.0
argentine hip hop,reggaeton colombiano,1,57.0,17223513.0
colombian pop,trap argentino,1,57.0,17223513.0
hyperpop en espanol,hyperpop en espanol,1,57.0,744540.0
hyperpop en espanol,rap regio,1,57.0,744540.0
panamanian pop,panamanian pop,1,52.0,393919.0
pop,slap house,1,74.0,67079.0
hip hop,r&b en espanol,1,74.0,67079.0
r&b en espanol,rap,1,74.0,67079.0
r&b en espanol,slap house,1,74.0,67079.0
colombian pop,dance pop,1,60.0,4155728.0
colombian pop,pop,1,60.0,4155728.0
colombian pop,pop rap,1,60.0,4155728.0
dance pop,pop rap,1,60.0,4155728.0
latin pop,pop rap,1,60.0,4155728.0
latin arena pop,spanish hip hop,1,60.0,7519103.0
dembow dominicano,nyc rap,1,74.0,6472169.0
nyc rap,rap dominicano,1,74.0,6472169.0
rap canario,trap triste,1,0.0,183826.0
boom bap espanol,trap triste,1,0.0,183826.0
dembow dominicano,trap dominicano,1,51.0,77500.0
disco house,house,1,83.0,24872404.0
disco house,pop dance,1,83.0,24872404.0
disco house,uk dance,1,83.0,24872404.0
hip house,house,1,83.0,24872404.0
hip house,pop dance,1,83.0,24872404.0
hip house,uk dance,1,83.0,24872404.0
house,vocal house,1,83.0,24872404.0
pop dance,vocal house,1,83.0,24872404.0
uk dance,vocal house,1,83.0,24872404.0
musica tradicional cubana,urbano espanol,1,60.0,4308283.0
son cubano,urbano espanol,1,60.0,4308283.0
argentine hip hop,reggaeton flow,1,56.0,2264977.0
r&b argentino,reggaeton flow,1,56.0,2264977.0
puerto rican pop,spanish pop rock,1,51.0,3032195.0
detroit trap en espanol,rap latina,1,0.0,2813830.0
detroit trap en espanol,rap canario,1,0.0,2813830.0
pop argentino,trap boricua,1,69.0,7853700.0
pop argentino,puerto rican pop,1,69.0,7853700.0
indonesian blues,puerto rican pop,1,43.0,385289.0
indonesian blues,reggaeton,1,43.0,385289.0
french hip hop,indonesian blues,1,43.0,385289.0
indonesian blues,pop urbaine,1,43.0,385289.0
indonesian blues,r&b francais,1,43.0,385289.0
indonesian blues,rap algerien,1,43.0,385289.0
melodic rap,north carolina hip hop,1,81.0,267504.0
north carolina hip hop,rap,1,81.0,267504.0
north carolina hip hop,trap,1,81.0,267504.0
big room,dance pop,1,79.0,50694.0
big room,edm,1,79.0,50694.0
big room,pop dance,1,79.0,50694.0
edm,edm,1,79.0,50694.0
big room,girl group,1,79.0,50694.0
big room,talent show,1,79.0,50694.0
big room,uk pop,1,79.0,50694.0
latin pop,vallenato,1,70.0,21513463.0
mexican pop,vallenato,1,70.0,21513463.0
puerto rican pop,vallenato,1,70.0,21513463.0
drill espanol,rap underground espanol,1,50.0,90782.0
cantautor,latin talent show,1,56.0,51044.0
latin talent show,spanish rock,1,56.0,51044.0
canadian pop,pop reggaeton,1,80.0,330652.0
canadian pop,reggaeton,1,80.0,330652.0
canadian pop,trap latino,1,80.0,330652.0
canadian pop,urbano latino,1,80.0,330652.0
pop reggaeton,viral pop,1,80.0,330652.0
trap latino,viral pop,1,80.0,330652.0
indonesian blues,trap boricua,1,66.0,7341057.0
indonesian blues,trap triste,1,66.0,7341057.0
hard rock,reggaeton,1,49.0,56201.0
metal,reggaeton,1,49.0,56201.0
old school thrash,reggaeton,1,49.0,56201.0
reggaeton,rock,1,49.0,56201.0
reggaeton,thrash metal,1,49.0,56201.0
hard rock,reggaeton colombiano,1,49.0,56201.0
metal,reggaeton colombiano,1,49.0,56201.0
old school thrash,reggaeton colombiano,1,49.0,56201.0
reggaeton colombiano,rock,1,49.0,56201.0
reggaeton colombiano,thrash metal,1,49.0,56201.0
hard rock,trap latino,1,49.0,56201.0
metal,trap latino,1,49.0,56201.0
old school thrash,trap latino,1,49.0,56201.0
rock,trap latino,1,49.0,56201.0
thrash metal,trap latino,1,49.0,56201.0
hard rock,urbano latino,1,49.0,56201.0
metal,urbano latino,1,49.0,56201.0
old school thrash,urbano latino,1,49.0,56201.0
rock,urbano latino,1,49.0,56201.0
thrash metal,urbano latino,1,49.0,56201.0
pop venezolano,rap canario,1,71.0,18997266.0
cumbia 420,latin pop,1,70.0,3597970.0
cumbia 420,pop argentino,1,70.0,3597970.0
flamenco urbano,neoperreo,1,65.0,5538321.0
flamenco urbano,rap catala,1,65.0,5538321.0
rap catala,urbano espanol,1,65.0,5538321.0
flamenco urbano,trap catala,1,65.0,5538321.0
trap catala,urbano espanol,1,65.0,5538321.0
latin viral pop,puerto rican pop,1,62.0,83349.0
latin pop,pop chileno,1,59.0,2767094.0
latin viral pop,pop chileno,1,59.0,2767094.0
mexican pop,pop chileno,1,59.0,2767094.0
pop chileno,spanish pop,1,59.0,2767094.0
reggaeton colombiano,trap dominicano,1,63.0,45655.0
rap conciencia,spanish pop,1,51.0,44545.0
adult standards,easy listening,1,32.0,68436.0
adult standards,swing,1,32.0,68436.0
adult standards,swing revival,1,32.0,68436.0
canadian pop,easy listening,1,32.0,68436.0
canadian pop,swing,1,32.0,68436.0
canadian pop,swing revival,1,32.0,68436.0
easy listening,jazz pop,1,32.0,68436.0
jazz pop,swing,1,32.0,68436.0
jazz pop,swing revival,1,32.0,68436.0
easy listening,lounge,1,32.0,68436.0
lounge,swing,1,32.0,68436.0
lounge,swing revival,1,32.0,68436.0
cantautor,pop argentino,1,5.0,603458.0
hip hop,uk pop,1,86.0,13859486.0
dance pop,north carolina hip hop,1,86.0,13859486.0
north carolina hip hop,pop,1,86.0,13859486.0
north carolina hip hop,uk pop,1,86.0,13859486.0
rap,uk pop,1,86.0,13859486.0
dance pop,trap,1,86.0,13859486.0
trap,uk pop,1,86.0,13859486.0
puerto rican pop,urban contemporary,1,60.0,384216.0
reggaeton,urban contemporary,1,60.0,384216.0
trap latino,urban contemporary,1,60.0,384216.0
urban contemporary,urbano latino,1,60.0,384216.0
r&b,westcoast flow,1,76.0,39374.0
southern hip hop,westcoast flow,1,76.0,39374.0
trap soul,westcoast flow,1,76.0,39374.0
rap,westcoast flow,1,76.0,39374.0
hip hop,trap soul,1,76.0,39374.0
rap,trap soul,1,76.0,39374.0
trap,trap soul,1,76.0,39374.0
argentine hip hop,bachata,1,64.0,3933745.0
bachata,trap argentino,1,64.0,3933745.0
bachata,trap triste,1,64.0,3933745.0
latin hip hop,spanish pop rock,1,55.0,12022661.0
rap latina,spanish pop rock,1,55.0,12022661.0
drill espanol,spanish pop rock,1,55.0,12022661.0
latin hip hop,pop flamenco,1,55.0,12022661.0
latin hip hop,spanish hip hop,1,55.0,12022661.0
pop flamenco,rap latina,1,55.0,12022661.0
drill espanol,latin hip hop,1,55.0,12022661.0
drill espanol,rap latina,1,55.0,12022661.0
urbano espanol,vapor twitch,1,40.0,1187364.0
indie catala,rap politico,1,0.0,50196.0
indie catala,trap catala,1,0.0,50196.0
musica catalana,rap politico,1,0.0,50196.0
musica catalana,trap catala,1,0.0,50196.0
rap politico,reggae catala,1,0.0,50196.0
reggae catala,trap catala,1,0.0,50196.0
rap politico,rock catala,1,0.0,50196.0
rock catala,trap catala,1,0.0,50196.0
pop,urbano espanol,1,76.0,8118907.0
alternative r&b,reggaeton,1,73.0,160869.0
argentine hip hop,rap underground espanol,1,0.0,57332.0
dembow,rap canario,1,52.0,449126.0
rap canario,rap dominicano,1,52.0,449126.0
canadian hip hop,reggaeton flow,1,71.0,11619578.0
canadian trap,reggaeton flow,1,71.0,11619578.0
melodic rap,reggaeton flow,1,71.0,11619578.0
r&b,reggaeton flow,1,71.0,11619578.0
rap,reggaeton flow,1,71.0,11619578.0
reggaeton flow,toronto rap,1,71.0,11619578.0
reggaeton flow,trap,1,71.0,11619578.0
canadian hip hop,trap boricua,1,71.0,11619578.0
canadian trap,trap boricua,1,71.0,11619578.0
melodic rap,trap boricua,1,71.0,11619578.0
r&b,trap boricua,1,71.0,11619578.0
toronto rap,trap boricua,1,71.0,11619578.0
canadian hip hop,trap triste,1,71.0,11619578.0
canadian trap,trap triste,1,71.0,11619578.0
melodic rap,trap triste,1,71.0,11619578.0
r&b,trap triste,1,71.0,11619578.0
toronto rap,trap triste,1,71.0,11619578.0
hip hop,modern rock,1,84.0,5761535.0
modern rock,rap,1,84.0,5761535.0
modern rock,underground hip hop,1,84.0,5761535.0
pop,underground hip hop,1,84.0,5761535.0
hip hop,rock,1,84.0,5761535.0
rap,rock,1,84.0,5761535.0
rock,underground hip hop,1,84.0,5761535.0
modern rock,speedrun,1,84.0,5761535.0
modern rock,video game music,1,84.0,5761535.0
pop,speedrun,1,84.0,5761535.0
pop,video game music,1,84.0,5761535.0
rock,speedrun,1,84.0,5761535.0
rock,video game music,1,84.0,5761535.0
hip hop,speedrun,1,84.0,5761535.0
hip hop,video game music,1,84.0,5761535.0
rap,speedrun,1,84.0,5761535.0
rap,video game music,1,84.0,5761535.0
speedrun,underground hip hop,1,84.0,5761535.0
underground hip hop,video game music,1,84.0,5761535.0
panamanian pop,puerto rican pop,1,59.0,88928.0
flamenco urbano,r&b en espanol,1,46.0,478050.0
beatlesque,experimental,1,62.0,255800.0
beatlesque,experimental pop,1,62.0,255800.0
classic rock,experimental,1,62.0,255800.0
classic rock,experimental pop,1,62.0,255800.0
experimental,rock,1,62.0,255800.0
experimental pop,rock,1,62.0,255800.0
rap espanol,trap triste,1,63.0,14154030.0
corridos alternativos,urbano espanol,1,63.0,5748339.0
corridos tumbados,urbano espanol,1,63.0,5748339.0
norteno,urbano espanol,1,63.0,5748339.0
banda,banda,1,63.0,5748339.0
corrido,corrido,1,63.0,5748339.0
banda,corridos alternativos,1,63.0,5748339.0
corrido,corridos alternativos,1,63.0,5748339.0
corridos alternativos,musica mexicana,1,63.0,5748339.0
corridos alternativos,nueva musica mexicana,1,63.0,5748339.0
corridos alternativos,sad sierreno,1,63.0,5748339.0
corridos alternativos,sierreno,1,63.0,5748339.0
banda,corridos tumbados,1,63.0,5748339.0
corrido,corridos tumbados,1,63.0,5748339.0
corridos tumbados,musica mexicana,1,63.0,5748339.0
corridos tumbados,nueva musica mexicana,1,63.0,5748339.0
corridos tumbados,sad sierreno,1,63.0,5748339.0
corridos tumbados,sierreno,1,63.0,5748339.0
musica mexicana,musica mexicana,1,63.0,5748339.0
banda,norteno,1,63.0,5748339.0
corrido,norteno,1,63.0,5748339.0
musica mexicana,norteno,1,63.0,5748339.0
norteno,nueva musica mexicana,1,63.0,5748339.0
norteno,sad sierreno,1,63.0,5748339.0
norteno,sierreno,1,63.0,5748339.0
nueva musica mexicana,nueva musica mexicana,1,63.0,5748339.0
sad sierreno,sad sierreno,1,63.0,5748339.0
sierreno,sierreno,1,63.0,5748339.0
edm,k-pop,1,79.0,417619.0
electronic trap,k-pop,1,79.0,417619.0
k-pop,pop dance,1,79.0,417619.0
edm,houston rap,1,79.0,417619.0
edm,rap,1,79.0,417619.0
edm,trap queen,1,79.0,417619.0
electronic trap,houston rap,1,79.0,417619.0
electronic trap,rap,1,79.0,417619.0
electronic trap,trap queen,1,79.0,417619.0
houston rap,pop dance,1,79.0,417619.0
pop dance,rap,1,79.0,417619.0
pop dance,trap queen,1,79.0,417619.0
edm,puerto rican pop,1,79.0,417619.0
electronic trap,puerto rican pop,1,79.0,417619.0
electronic trap,reggaeton,1,79.0,417619.0
electronic trap,trap latino,1,79.0,417619.0
electronic trap,urbano latino,1,79.0,417619.0
pop dance,puerto rican pop,1,79.0,417619.0
houston rap,k-pop,1,79.0,417619.0
k-pop,rap,1,79.0,417619.0
k-pop,trap queen,1,79.0,417619.0
k-pop,puerto rican pop,1,79.0,417619.0
k-pop,reggaeton,1,79.0,417619.0
k-pop,trap latino,1,79.0,417619.0
k-pop,urbano latino,1,79.0,417619.0
houston rap,puerto rican pop,1,79.0,417619.0
houston rap,reggaeton,1,79.0,417619.0
houston rap,trap latino,1,79.0,417619.0
houston rap,urbano latino,1,79.0,417619.0
puerto rican pop,trap queen,1,79.0,417619.0
reggaeton,trap queen,1,79.0,417619.0
adult standards,canadian country,1,31.0,72880.0
adult standards,canadian pop,1,31.0,72880.0
adult standards,contemporary country,1,31.0,72880.0
adult standards,country,1,31.0,72880.0
adult standards,country dawn,1,31.0,72880.0
canadian country,canadian pop,1,31.0,72880.0
canadian pop,contemporary country,1,31.0,72880.0
canadian pop,country,1,31.0,72880.0
canadian pop,country dawn,1,31.0,72880.0
canadian country,jazz pop,1,31.0,72880.0
canadian pop,jazz pop,1,31.0,72880.0
contemporary country,jazz pop,1,31.0,72880.0
country,jazz pop,1,31.0,72880.0
country dawn,jazz pop,1,31.0,72880.0
canadian country,lounge,1,31.0,72880.0
canadian pop,lounge,1,31.0,72880.0
contemporary country,lounge,1,31.0,72880.0
country,lounge,1,31.0,72880.0
country dawn,lounge,1,31.0,72880.0
hyperpop en espanol,latin talent show,1,41.0,206562.0
latin talent show,rap regio,1,41.0,206562.0
latin talent show,urbano espanol,1,41.0,206562.0
hyperpop en espanol,tontipop,1,41.0,206562.0
rap regio,tontipop,1,41.0,206562.0
funk pop,puerto rican pop,1,0.0,52010.0
funk rj,puerto rican pop,1,0.0,52010.0
pagode baiano,puerto rican pop,1,0.0,52010.0
pop nacional,puerto rican pop,1,0.0,52010.0
panamanian pop,trap boricua,1,58.0,291950.0
panamanian pop,trap triste,1,58.0,291950.0
rap espanol,urbano latino,1,64.0,340272.0
cumbia 420,techengue,1,0.0,43863.0
previa,techengue,1,0.0,43863.0
pop venezolano,r&b en espanol,1,73.0,24383716.0
puerto rican pop,rap boricua,1,60.0,821823.0
rap boricua,reggaeton,1,60.0,821823.0
rap boricua,trap latino,1,60.0,821823.0
rap boricua,urbano latino,1,60.0,821823.0
rap espanol,rap politico,1,59.0,1165848.0
rap espanol,rap underground espanol,1,59.0,1165848.0
classic oklahoma country,dance pop,1,47.0,132865.0
classic oklahoma country,pop,1,47.0,132865.0
contemporary country,dance pop,1,47.0,132865.0
contemporary country,pop,1,47.0,132865.0
country,dance pop,1,47.0,132865.0
country,pop,1,47.0,132865.0
country road,dance pop,1,47.0,132865.0
country road,pop,1,47.0,132865.0
permanent wave,post-teen pop,1,77.0,353207.0
latin talent show,latin viral pop,1,63.0,2926322.0
latin talent show,pop venezolano,1,63.0,2926322.0
australian dance,puerto rican pop,1,74.0,19386254.0
australian pop,puerto rican pop,1,74.0,19386254.0
australian dance,reggaeton,1,74.0,19386254.0
australian pop,reggaeton,1,74.0,19386254.0
australian dance,trap latino,1,74.0,19386254.0
australian pop,trap latino,1,74.0,19386254.0
australian dance,urbano latino,1,74.0,19386254.0
australian pop,urbano latino,1,74.0,19386254.0
canadian pop,viral pop,1,71.0,1004100.0
pop,viral pop,1,71.0,1004100.0
folk-pop,pop dance,1,80.0,1280342.0
folk-pop,pop house,1,80.0,1280342.0
folk-pop,uk dance,1,80.0,1280342.0
irish pop,pop dance,1,80.0,1280342.0
irish pop,pop house,1,80.0,1280342.0
irish pop,uk dance,1,80.0,1280342.0
pop house,uk pop,1,80.0,1280342.0
latin arena pop,latin viral pop,1,60.0,9256591.0
latin viral pop,spanish pop rock,1,60.0,9256591.0
colombian pop,pop chileno,1,68.0,49265.0
reggaeton,tropical,1,81.0,42077723.0
trap latino,tropical,1,81.0,42077723.0
tropical,urbano latino,1,81.0,42077723.0
adult standards,man's orchestra,1,50.0,125028.0
easy listening,man's orchestra,1,50.0,125028.0
deep adult standards,man's orchestra,1,50.0,125028.0
man's orchestra,vocal harmony group,1,50.0,125028.0
adult standards,deep adult standards,1,50.0,125028.0
adult standards,vocal harmony group,1,50.0,125028.0
deep adult standards,easy listening,1,50.0,125028.0
easy listening,vocal harmony group,1,50.0,125028.0
bachata,latin hip hop,1,66.0,14556533.0
pittsburgh rap,pop,1,86.0,33415.0
pop,southern hip hop,1,86.0,33415.0
