song_id	song_name	popularity	explicit	track_number	num_available_markets	duration_ms	artist_id	artist_name	num_artists	song_type	release_date	key	mode	time_signature	acousticness	danceability	energy	instrumentalness	liveness	loudness	speechiness	valence	tempo	total_streams
3rzmAXXnpqnPRCNk9exawQ	Тёмно-оранжевый закат	57	False	1	184	149040	['6St8JkGHB8v3qtD7Srg6PH']	['Папин Олимпос']	1	Solo	2019-03-22	1.0	1.0	4.0	0.325	0.696	0.583	0.423	0.0749	-8.184	0.0254	0.631	145.002	1593193
4tPB6H0QcK4bDib8iauE28	первое свидание	35	False	1	0	152033	['7m9RH1V73dYjGv8RgGP39c']	['алёна швец.']	1	Solo	2020-12-04	11.0	0.0	4.0	0.685	0.764	0.5	6.09e-05	0.159	-10.403	0.108	0.607	85.499	2787493
775lBcj1BssexHJn3SP4eR	My Life My Rules	45	True	3	184	220598	['5mzTr70OcAfZWMUF8BSjAm', '7dH8w9flSy9w81ilr0xXWe', '0BLwluvlJt4aAE95gomnbe']	['LAUD', 'Boulevard Depo', 'I61']	3	Collaboration	2018-11-23	1.0	1.0	4.0	0.047	0.856	0.711	7.04e-05	0.0585	-5.801	0.178	0.869	139.964	54932
1ghdJUMhmLEpUitNwyNMWH	Фотографирую закат	57	True	1	184	156000	['6PzEFDyksWekGikJc8M6Cr']	['fem.love']	1	Solo	2020-06-22	6.0	1.0	4.0	0.000214	0.413	0.902	2.49e-05	0.165	-3.488	0.0649	0.398	160.271	6197873
0kYMwaQWABTkFff8AZjmYI	Hayloft II	77	False	16	184	215040	['0e86yPdC41PGRkLp2Q1Bph']	['Mother Mother']	1	Solo	2022-01-28	9.0	0.0	4.0	0.0044	0.326	0.866	7.37e-06	0.0912	-4.541	0.101	0.172	178.181	38312
5JDtUGEFLwq2r26yhHM89E	в темноте	17	False	1	0	151983	['2rRyviUwWAHYmzyVzmXWpZ', '2cl1ge5wteXTbAr0S4HPAI']	['КОСМОНАВТОВ НЕТ', 'дипинс']	2	Collaboration	2022-02-10	3.0	1.0	4.0	0.199	0.502	0.863	0.000166	0.333	-6.203	0.094	0.432	150.077	1344039
6TymkOrjVLXAwB4vpqlm1I	Ты не моя пара	31	False	1	0	162600	['19rplJ3Uh67C1fNAwq7ohw', '52OqFsDacV87Zx7BfXuw2i']	['Dima Bilan', 'Mari Kraimbrery']	2	Collaboration	2021-09-24	11.0	0.0	4.0	0.139	0.733	0.72	0.0	0.0615	-5.119	0.138	0.642	149.921	196740
0aKXiOFEmprIpNXf8NhGXn	Аквариум	21	False	8	0	107100	['2IGZnq5Ot1NquCpks3zO4o']	['Sqwore']	1	Solo	2021-11-25	0.0	1.0	4.0	0.00582	0.514	0.792	7.19e-06	0.157	-2.232	0.0264	0.179	139.25	1070245
3VIzU0Yr7o9tKC7FEEZdnn	СИНИЙ ИНЕЙ	36	False	1	184	194867	['0xTdDjeCoM89b7n9fLcZvR']	['GAYAZOV$ BROTHER$']	1	Solo	2022-02-11	1.0	1.0	4.0	0.204	0.629	0.788	1.29e-05	0.465	-4.547	0.0364	0.543	113.09	24505
0zBQznV5QeLsqPz5sgU2hq	Мы все умрем	52	True	6	184	166160	['1gCOYbJNUa1LBVO5rlx0jB']	['Oxxxymiron']	1	Solo	2021-12-01	8.0	1.0	4.0	0.0319	0.706	0.526	0.0	0.0742	-5.326	0.179	0.507	188.095	583701
6PqDYUTmTGXnCfSDhm6AlJ	JUST BREATHE - feat. 3RACHA of Stray Kids	57	False	1	184	230853	['4Kbxm7oCQujaslLxf9q7k2', '1GpgROLET8tI7DKTRz4EgO']	['SKY-HI', '3RACHA of Stray Kids']	2	Collaboration	2022-02-21	5.0	0.0	3.0	0.197	0.521	0.824	0.0	0.124	-4.498	0.287	0.502	112.614	29754
5sAYqcQTEQbTbxdcqI4b8v	Jungle	4	False	8	0	202907	['1A96iePIMNFBjLrjXEl718']	['Emma Louise']	1	Solo	2013-03-22	7.0	0.0	4.0	0.463	0.698	0.642	0.176	0.101	-8.905	0.0288	0.703	125.994	627245
49y9IcSwgoYR8YBBvwllP2	Афган	53	False	2	184	179500	['5meD8C7oGK5yUEY2T7ZZ7W']	['Max Korzh']	1	Solo	2021-12-17	7.0	0.0	4.0	0.128	0.713	0.342	1.62e-06	0.319	-10.867	0.0919	0.32	129.974	1030107
1CqOEa4NIRBaWR6sNHTDTo	Как тебя покорить	56	False	5	184	218764	['3AwNBhYb8tZmJ5m0VIKHp2']	['Перемотка']	1	Solo	2020-10-30	2.0	1.0	4.0	0.00677	0.514	0.966	0.0422	0.382	-4.854	0.0502	0.802	91.025	1683590
3bbkkPpf8AdRU6DurnvoC4	ВЛЮБИЛАСЬ	27	True	1	0	216000	['5NMwoStnfHT4LdETlJSwDT', '3yUI9YVLxfPiQHOv07gwAi']	['Big Baby Tape', 'Молодой Платон']	2	Collaboration	2021-12-16	8.0	1.0	4.0	0.0545	0.845	0.765	0.0	0.0771	-3.611	0.039	0.46	100.025	3680812
4tP3JZw4NcKQJitu7F3SCa	Динозаврики	56	True	5	184	224853	['6St8JkGHB8v3qtD7Srg6PH']	['Папин Олимпос']	1	Solo	2019-11-01	4.0	0.0	4.0	0.0049	0.562	0.875	0.0	0.0928	-4.879	0.037	0.674	124.938	2032505
5XbA7TAqsD0fj0dGBrbb0D	I Heard You’re Married (feat. Lil Wayne)	70	True	14	184	263641	['1Xyo4u8uXC1ZmMpatF05PJ', '55Aa2cqylxrFIXC767Z865']	['The Weeknd', 'Lil Wayne']	2	Collaboration	2022-01-06	9.0	0.0	4.0	0.103	0.736	0.848	0.0	0.299	-5.494	0.171	0.784	109.946	19536
5YDBHDEIgWkfairCJgGApW	СОЛНЦЕ МОНАКО	4	False	1	0	160000	['6HaPN2wOlwvk2sJvJrF0a5']	['Lusia Chebotina']	1	Solo	2021-10-29	11.0	0.0	4.0	0.0712	0.798	0.759	0.0	0.326	-4.796	0.0729	0.697	134.99	3709083
7rglLriMNBPAyuJOMGwi39	Cold Heart - PNAU Remix	73	False	1	2	202735	['3PhoLpVuITZKcymswpck5b', '6M2wZ9GZgrQXHCFfjv46we', '6n28c9qs9hNGriNa72b26u']	['Elton John', 'Dua Lipa', 'PNAU']	3	Collaboration	2021-10-22	1.0	1.0	4.0	0.0354	0.795	0.8	7.25e-05	0.0915	-6.32	0.0309	0.934	116.032	73855
4ntSbcc2Jylklnuoxb9sfH	Captain	63	True	2	184	214282	['1kmpkcYbuaZ8tnFejLzkj2']	['MiyaGi']	1	Solo	2019-06-21	5.0	0.0	5.0	0.831	0.413	0.612	0.0	0.0654	-9.391	0.122	0.639	158.195	20499
46HNZY1i7O6jwTA7Slo2PI	My Universe	84	False	10	184	226198	['4gzpq5DPGxSnKTe4SA8HAU', '3Nrfpe0tUJi4K4DXYWgMUX']	['Coldplay', 'BTS']	2	Collaboration	2021-10-15	1.0	0.0	4.0	0.0114	0.573	0.711	0.0	0.328	-6.268	0.0406	0.47	105.006	488087
320b8n5Ew9RgzDP67tVIx1	Буква Х	57	True	2	184	153750	['1nnaE1FllcW0TlDdPVmdPg', '5A9NWhs9ydYZPGgvcWI8Ms']	['Scally Milano', 'LOVV66']	2	Collaboration	2021-12-17	8.0	0.0	4.0	0.311	0.868	0.626	0.0	0.126	-9.766	0.166	0.378	127.945	1897037
1YADTnjt9bhRYc2Qm6ymDn	ФИТИЛЬ	47	True	3	184	192879	['7DW94EEwI9pdHDXnzEg1b4', '1H1zBr7TXFwTwsHU5kX9gW']	['3TERNITY', 'OG Buda']	2	Collaboration	2021-12-24	7.0	1.0	4.0	0.296	0.48	0.868	0.0	0.137	-7.499	0.0508	0.371	95.307	2048107
1QniFbs84OVbgrwFlSI5Rp	моя любовь	41	False	1	184	239022	['0BPOpRKw4vLwPFp4LsFRpO']	['By Индия']	1	Solo	2022-02-24	6.0	0.0	4.0	0.686	0.602	0.54	0.00509	0.262	-8.677	0.0537	0.188	75.829	201419
3RmwexCac64fi0r4ICWQzS	Боже, как завидую	55	False	1	184	160705	['6o7TsOGOEF5Mqpiz2KCyWE', '4TjXA854eWs8P5EBgCbQmv']	['HammAli & Navai', 'Jah Khalib']	2	Collaboration	2021-11-12	1.0	1.0	4.0	0.545	0.504	0.474	0.000165	0.138	-8.784	0.113	0.104	71.989	18740
1zE2dRkxtOLEOubAmqcHX3	Первый раз - remix nevroz	55	True	1	184	69531	['7xViKup0waKtypawDbsvrW', '6tMQcfyQr03bk9zciP6fxb']	['JojoHF', 'nevroz']	2	Collaboration	2021-02-25	4.0	0.0	3.0	0.573	0.755	0.635	0.814	0.133	-8.777	0.103	0.353	145.024	2581205
1upJMS5IuTbL8uovNhoXkh	Юность-89	49	True	18	184	241600	['2n6CVwo43YvjiTgcPxYWrf']	['ATL']	1	Solo	2021-11-26	5.0	0.0	4.0	0.537	0.561	0.577	7.12e-06	0.0917	-8.822	0.366	0.154	74.884	105515
5EKfD5nW1EX119NbunWarh	ЧУВСТВА	39	False	1	184	114679	['3bj8I2cFgfl0Z2Uuj4YvO6', '23P2mSsBpPkfR9fTrOc1a4']	['DefRee', 'TOLCHONOV']	2	Collaboration	2022-01-21	6.0	1.0	4.0	0.0195	0.572	0.935	0.0	0.69	-2.196	0.0842	0.15	101.813	74925
0mL82sxCRjrs3br407IdJh	Is There Someone Else?	87	False	10	184	199111	['1Xyo4u8uXC1ZmMpatF05PJ']	['The Weeknd']	1	Solo	2022-01-06	9.0	0.0	4.0	0.0388	0.702	0.586	7.27e-05	0.156	-7.83	0.0313	0.608	134.951	91852
59OZKd2np8qCq4a6xCfXeN	1+1	7	False	1	0	155409	['0R4IeWuUpTkmca5hnS0j6b']	['Канги']	1	Solo	2022-02-11	6.0	1.0	4.0	0.0575	0.738	0.682	0.0	0.428	-4.542	0.128	0.649	121.985	24691
7rvEwAILTqxBpdIyUifkE8	Marmalade	59	False	1	184	220363	['0hmUwzWBrPHpGWGrYH05c3', '1Kxxz7r0ZIqz9XDQiaeaGa']	['Miyagi & Andy Panda', 'Mav-d']	2	Collaboration	2021-11-19	10.0	0.0	4.0	0.571	0.725	0.507	7.25e-06	0.119	-9.316	0.0484	0.511	110.03	4862581
58lKse9N3VPEkx7ZNhAoaf	Давай заново	34	True	1	184	127559	['2ngiK5FQchV4i7eOyXOXKt', '27kGBCjiz5OXojkKX4xQ6R']	['SEEMEE', 'BUSHIDO ZHO']	2	Collaboration	2022-02-11	10.0	1.0	3.0	0.615	0.636	0.595	0.0	0.216	-8.922	0.118	0.553	126.935	119093
1AuUsvFyFnf2l3E6HKUHO2	Втюрилась	55	False	1	184	123862	['2eiThpX5zH6LFmqP2HY1hL']	['Дора']	1	Solo	2020-12-18	2.0	0.0	4.0	0.331	0.716	0.559	0.0	0.253	-6.649	0.0621	0.562	77.491	1604158
1qNe5rzjYah7emeSt96L6n	Холодное оружие	1	True	1	0	134100	['2IGZnq5Ot1NquCpks3zO4o', '3zgn9mSaWsqdpcKo94Z5oi']	['Sqwore', 'rizza']	2	Collaboration	2021-05-25	6.0	0.0	4.0	0.111	0.717	0.691	0.0	0.0914	-6.298	0.0717	0.708	155.303	1912876
777TceiGuC1kjvAiVAHvTo	Зоопарк	27	True	1	0	180468	['0iWCupAJreesWuLo9wkpXt']	['10AGE']	1	Solo	2021-09-17	8.0	0.0	4.0	0.239	0.743	0.752	0.034	0.202	-8.038	0.223	0.516	127.921	1513729
3mWEUY6vMLdHLASuaidxVS	Я собираюсь тебя трахнуть	0	True	1	0	172476	['0ChMIwzbYxHbebgoPeETfV']	['Lida']	1	Solo	2022-02-11	8.0	1.0	5.0	0.0284	0.652	0.88	2.85e-06	0.513	-5.597	0.143	0.452	142.93	52759
7I4ibsZgwuf46g0xHuTC8s	HDMI	78	True	2	184	139440	['5v2WhpA59TJSdPh7LCx1lN']	['BONES']	1	Solo	2014-12-02	7.0	1.0	4.0	0.686	0.713	0.29	0.807	0.318	-16.365	0.0647	0.121	124.941	1219753
3j87JfpxXJKNsMw3C3Cdl8	Проклятие русалки	0	False	2	0	222435	['4bAoPku7d3g1A0P2MpZGjN']	['Green Apelsin']	1	Solo	2021-10-29	2.0	0.0	4.0	0.382	0.676	0.702	0.0	0.147	-7.855	0.0846	0.353	125.002	41007
4fouWK6XVHhzl78KzQ1UjL	abcdefu	85	True	1	184	168601	['2VSHKHBTiXWplO8lxcnUC9']	['GAYLE']	1	Solo	2021-08-13	4.0	1.0	4.0	0.299	0.695	0.54	0.0	0.367	-5.692	0.0493	0.415	121.932	2580051
0yPQB0dC23cqu9isXsIV1l	Бесприданница	54	False	1	184	180923	['4k0dbhJImJWSJf9PsH7H3z']	['DEAD BLONDE']	1	Solo	2021-07-02	9.0	0.0	4.0	0.396	0.855	0.841	0.0015	0.584	-6.613	0.0366	0.838	130.011	1158937
6nvXTYOmS7ES6BWuRASHHL	Танцуй сама	56	True	8	184	276750	['3vvLuXEEf7sl3izJcw0GIn']	['Skryptonite']	1	Solo	2015	10.0	0.0	4.0	0.453	0.676	0.542	0.0	0.0776	-9.969	0.375	0.366	98.022	1486439
2398GSLbctyjLClJrqskt2	Звезда упала	26	True	2	0	95533	['2IGZnq5Ot1NquCpks3zO4o']	['Sqwore']	1	Solo	2021-11-25	11.0	1.0	4.0	0.0604	0.688	0.634	0.0	0.164	-8.452	0.0669	0.729	91.196	2666925
2yKu0WgrgnMrl1tLOOFNd0	Я не теряю надежды	24	False	1	184	175714	['7kB4F3PktJEy9jbwI6ujjZ']	['Джизус']	1	Solo	2022-02-25	3.0	1.0	3.0	0.011	0.567	0.495	2.3e-05	0.257	-9.748	0.0384	0.049	112.05	80409
4vFuw6PFe5H4CvvEB8jgGN	Огни	51	False	1	184	146526	['4uWhcZCwuPopf6JGvwsN2B', '07tFgedhta5b5WaF0Yj4bH']	['ANIKV', 'SALUKI']	2	Collaboration	2022-02-18	4.0	1.0	4.0	0.0013	0.631	0.672	0.135	0.136	-7.434	0.0398	0.222	94.963	607221
1nH2PkJL1XoUq8oE6tBZoU	Sacrifice	79	True	5	184	188918	['1Xyo4u8uXC1ZmMpatF05PJ']	['The Weeknd']	1	Solo	2022-01-06	11.0	0.0	4.0	0.0296	0.735	0.795	3.18e-05	0.0678	-6.523	0.113	0.905	122.0	646885
46676b6dbunL2OgPGQw5sv	Трахаца	48	True	1	184	147693	['0W6YzWeMAORHYzwdGsU1Y2']	['ЛЯЛЬКА']	1	Solo	2021-12-16	7.0	1.0	4.0	0.0801	0.707	0.875	0.0	0.298	-2.854	0.339	0.693	82.515	1855726
2IMrzJTRHGndoUbM39QIJ7	1000-7	54	True	1	184	127139	['0TO6y1x0LQodwBnxGtQu9o', '3AqIMsKWh90Y41un7hL29x']	['shadowraze', 'GENJUTSU']	2	Collaboration	2021-03-12	1.0	1.0	5.0	0.00842	0.732	0.868	0.00172	0.118	-4.206	0.201	0.431	133.356	3335458
0J7oHYxjF6Oln61wy0kP2i	u.	3	False	1	0	174240	['2Ue601Op6mLGMwrQYjAOSW']	['niteboi']	1	Solo	2017-01-22	4.0	0.0	4.0	0.218	0.463	0.653	0.867	0.111	-8.994	0.0998	0.0648	123.876	1571927
0VjIjW4GlUZAMYd2vXMi3b	Blinding Lights	93	False	9	184	200040	['1Xyo4u8uXC1ZmMpatF05PJ']	['The Weeknd']	1	Solo	2020-03-20	1.0	1.0	4.0	0.00146	0.514	0.73	9.54e-05	0.0897	-5.934	0.0598	0.334	171.005	1717423
6TYmpWMxhqv0TVtiAIwzBW	ПОЧЕМУ?	15	True	1	0	165794	['0XNKQFs2Ewb3y0VsFUFc5l']	['MORGENSHTERN']	1	Solo	2022-01-14	8.0	1.0	4.0	0.0258	0.849	0.714	0.0	0.0721	-5.587	0.211	0.862	150.941	2804399
1w6yKhAgRhIaZhsWEay2H3	Infinite Tsukuyomi	53	False	1	184	204000	['1WAB4gjjNfQpAgT5SoAbRE']	['ROCKET']	1	Solo	2019-08-14	2.0	1.0	3.0	0.201	0.894	0.506	1.33e-06	0.335	-10.344	0.181	0.318	123.051	1311578
3QJdDRUHQQ16wJUliNKUWV	АРТУР	33	True	5	184	149166	['0ne2rg2JwZmIy7X1aVNq7y', '3KtiWEUyKC5lgHedcN6y6C']	['163ONMYNECK', 'MAYOT']	2	Collaboration	2022-02-18	1.0	1.0	4.0	0.0392	0.637	0.354	0.0	0.117	-10.498	0.149	0.183	144.158	67808
3euwIpljAgZ47S6XnOWaA9	Бигасс	50	True	7	184	142696	['3TikHXhctY4FUIMlkl0tzR', '6nfeLUnw96k13zL81bCezV']	['SODA LUV', 'WHY, BERRY']	2	Collaboration	2019-12-20	1.0	1.0	4.0	0.173	0.862	0.905	2.81e-05	0.273	-3.074	0.17	0.749	92.488	130519
52ggtCMwowSMRPV96lqbhE	Дриблинг	32	False	1	184	86769	['3KtiWEUyKC5lgHedcN6y6C']	['MAYOT']	1	Solo	2022-01-21	8.0	0.0	5.0	0.0438	0.431	0.523	1.18e-05	0.153	-8.759	0.131	0.362	88.041	65772
3g1TxVrtM2tZXgTTR6tIPY	Если устал	37	False	1	184	197250	['52OqFsDacV87Zx7BfXuw2i']	['Mari Kraimbrery']	1	Solo	2022-02-04	4.0	0.0	4.0	0.233	0.702	0.729	3.26e-05	0.627	-5.619	0.123	0.332	120.002	165648
7CIcArZw3IdxTBWuXY484Q	Jungle - Radio Edit	0	False	1	0	203240	['1A96iePIMNFBjLrjXEl718']	['Emma Louise']	1	Solo	2014-10-06	7.0	0.0	4.0	0.567	0.697	0.554	0.496	0.107	-10.504	0.0312	0.655	125.966	597202
0yTSbYnmHGo0t0IFqbm7hE	Я никому не верю	42	False	1	184	368847	['3SXDCIdqI1AR686ukKtKCq']	['Bi-2']	1	Solo	2022-02-03	7.0	0.0	4.0	0.00677	0.559	0.638	0.171	0.171	-7.333	0.0256	0.337	81.956	134990
07OqyOeHz7LOGVuXUx4pr3	Сан Ларан	52	True	1	184	205293	['4TzGOY9RpErzedN02w8Boh', '2eiThpX5zH6LFmqP2HY1hL']	['Платина', 'Дора']	2	Collaboration	2021-10-29	2.0	1.0	4.0	0.0067	0.828	0.76	0.000145	0.548	-7.257	0.0528	0.461	158.971	2714256
7Eyfmn0zcgcjGUrWlFdgqa	Федерико Феллини	60	False	1	184	136392	['3GOI8AbB8KMYk20rWy38X5']	['Galibri & Mavik']	1	Solo	2021-05-19	1.0	0.0	4.0	0.0633	0.697	0.803	0.0	0.181	-5.538	0.106	0.936	145.022	158796
7g9d7JZFkLw3ue8FAOismU	Нон стоп	31	True	3	0	213968	['0xByDfltDVpk6LDsUMHyI2']	['Poshlaya Molly']	1	Solo	2018-06-06	8.0	0.0	4.0	0.0107	0.587	0.7	0.0	0.0683	-5.857	0.0366	0.496	129.992	1407256
7vbXtUsr3lSZtBzwL6lpVg	5 Nights Crazy	0	True	7	0	139460	['5NMwoStnfHT4LdETlJSwDT', '5NipqMGsY4AUeb7kGT8aVz']	['Big Baby Tape', 'kizaru']	2	Collaboration	2021-10-22	7.0	1.0	4.0	0.0207	0.909	0.701	2.93e-06	0.0996	-6.102	0.0698	0.626	100.471	637186
1G1R0XgChe18Zr1o6tlmN6	Watercolor Eyes - From “Euphoria” An HBO Original Series	73	False	1	184	211613	['00FQb4jTyendYWaN8pK0wa']	['Lana Del Rey']	1	Solo	2022-01-21	7.0	1.0	4.0	0.964	0.444	0.26	0.0815	0.125	-10.045	0.0316	0.121	120.443	167623
6GyZQ9o0dBU9V0NIjGPz2r	Домино	58	False	3	184	198014	['2z20q6EEfm6w6PiIKsgtb3']	['FACE']	1	Solo	2021-04-08	11.0	1.0	4.0	0.0737	0.841	0.541	0.037	0.102	-8.559	0.0495	0.436	133.982	1432557
4wwqUoX7OweabhkpP2kaTS	ХОЧЕШЬ?	58	False	4	184	198000	['6oO3QiWdVj5FZQwbdRtsRh']	['Zemfira']	1	Solo	2000-03-28	2.0	0.0	4.0	0.00129	0.479	0.548	0.00195	0.121	-5.438	0.0271	0.12	133.834	665660
34VDYOcNaTVeDIYz9Qxfzh	Разрывная	37	True	1	184	90909	['2TaI860P5qyn702NYQy7AP']	['Nekoglai']	1	Solo	2021-06-22	0.0	1.0	4.0	0.0544	0.788	0.763	0.0	0.215	-7.06	0.132	0.478	131.955	163999
6PVBusNqOXiLIxub7C5Hzm	ВИТОН 2	42	True	1	184	108152	['2C2VKkif62AD8WOVXpHln1', '2SeRP5iAIhVec4azKHJzjX']	['MONEYKEN', 'INSTASAMKA']	2	Collaboration	2021-12-31	2.0	1.0	4.0	0.00393	0.898	0.677	3.12e-05	0.0673	-5.256	0.0917	0.478	89.971	139823
3sRsr0TzQ1gMEEzJfWf9cW	Я всё решу (Intro)	50	True	1	184	133388	['3TKsiH74GWWw4OroAGoumg']	['OM.']	1	Solo	2021-11-19	9.0	1.0	4.0	0.131	0.852	0.577	0.0	0.088	-8.081	0.36	0.707	90.007	3084887
3oN1sJcKLYbc8z4tO6sjVE	KNIGHT	64	True	1	184	122033	['5ZzO786ViqgegCIoa28OPx']	['SHADXWBXRN']	1	Solo	2022-02-11	0.0	1.0	4.0	0.000194	0.739	0.982	0.844	0.108	-5.168	0.0529	0.573	118.019	234675
4pt5fDVTg5GhEvEtlz9dKk	I WANNA BE YOUR SLAVE	85	True	4	184	173346	['0lAWpj5szCSwM4rUMHYmrr']	['Måneskin']	1	Solo	2021-03-19	1.0	1.0	4.0	0.00165	0.75	0.608	0.0	0.178	-4.008	0.0387	0.958	132.507	1769082
6Tdzv9TdvBNcRvMbuz6DYL	Ведьмы	52	False	1	184	201133	['3mRaoamjAyrixUbbej4KFu']	['BALKON']	1	Solo	2021-12-12	2.0	1.0	4.0	0.789	0.476	0.681	0.044	0.352	-5.699	0.0509	0.146	154.022	759647
2EjXfH91m7f8HiJN1yQg97	Rockin' Around The Christmas Tree	61	False	1	184	126266	['4cPHsZM98sKzmV26wlwD2W']	['Brenda Lee']	1	Solo	1964-10-19	8.0	1.0	4.0	0.614	0.589	0.472	0.0	0.505	-8.749	0.0502	0.898	67.196	20081
3dlrN8fcpdUx0t2I0QsMH2	17 лет	47	True	18	184	336055	['5meD8C7oGK5yUEY2T7ZZ7W']	['Max Korzh']	1	Solo	2021-12-17	9.0	0.0	4.0	0.0236	0.672	0.306	1.47e-05	0.0868	-12.303	0.0633	0.203	115.006	438592
2y9amiNtcZOgJXko2cH1qb	У России три пути	49	False	1	184	165778	['1K21aU29xAqoKoqbFgpPUt', '4k0dbhJImJWSJf9PsH7H3z']	['GSPD', 'DEAD BLONDE']	2	Collaboration	2021-08-27	7.0	1.0	4.0	0.00499	0.617	0.98	0.000716	0.349	-3.651	0.0409	0.676	160.031	622267
5U6sM9kRxOJ2dXPyUT4w7l	засыпай	54	True	3	184	247678	['0RfocEzLe78RexLTeU1K2p']	['ssshhhiiittt!']	1	Solo	2020-11-08	8.0	0.0	4.0	0.00684	0.521	0.838	5.49e-06	0.0964	-6.754	0.0409	0.39	103.951	508920
7hU3IHwjX150XLoTVmjD0q	MONEY	83	False	2	129	168227	['5L1lO4eRHmJ7a0Q6csE5cT']	['LISA']	1	Solo	2021-09-10	1.0	0.0	4.0	0.161	0.831	0.554	6.12e-05	0.152	-9.998	0.218	0.396	140.026	935933
3XOalgusokruzA5ZBA2Qcb	pushin P (feat. Young Thug)	78	True	2	184	136266	['2hlmm7s2ICUX0LVIhVFlZQ', '1RyvyyTE3xzB2ZywiAwp0i', '50co4Is1HCEo8bhOyUWKpn']	['Gunna', 'Future', 'Young Thug']	3	Collaboration	2022-01-13	1.0	0.0	1.0	0.00783	0.773	0.422	0.00693	0.129	-4.572	0.187	0.488	77.502	37831
6VRdPW2Y7g7LufDPRXmbhr	В новых адиках	54	True	3	184	154000	['2z20q6EEfm6w6PiIKsgtb3']	['FACE']	1	Solo	2021-02-26	7.0	1.0	4.0	0.0614	0.891	0.627	0.00128	0.138	-5.988	0.143	0.519	159.998	17276
53Ij97w0FiDhCKZ77t5joq	GOATZILLA (jack 6)	33	True	1	184	221538	['7rI2IkMnu8x7i2UGm0C101']	['SIDODGI DUBOSHIT']	1	Solo	2022-02-18	1.0	1.0	4.0	0.0371	0.874	0.809	0.0	0.78	-2.89	0.221	0.56	130.069	22597
58HvfVOeJY7lUuCqF0m3ly	MIDDLE OF THE NIGHT	88	False	1	184	184447	['67MNhiAICFY6Pwc2YxCO0K']	['Elley Duhé']	1	Solo	2020-01-10	4.0	0.0	3.0	0.0228	0.41	0.611	0.0	0.116	-8.271	0.0467	0.0899	185.727	2761979
3a94TbZOxhkI9xuNwYL53b	Black Summer	69	False	1	183	232412	['0L8ExT028jH3ddEcZwqJJ5']	['Red Hot Chili Peppers']	1	Solo	2022-02-04	1.0	1.0	4.0	0.0267	0.417	0.682	0.000669	0.109	-5.071	0.0295	0.351	105.542	28599
5UbcSIrI82eE4i7OndkyFG	СНЕГОМ	15	False	1	0	156414	['2rRyviUwWAHYmzyVzmXWpZ']	['КОСМОНАВТОВ НЕТ']	1	Solo	2020-10-16	5.0	1.0	4.0	0.431	0.673	0.833	0.0	0.391	-5.0	0.0591	0.611	120.017	292560
5X33A2X2OuQXUOKhawWCMm	Baby mama	58	True	1	184	231507	['3vvLuXEEf7sl3izJcw0GIn', '06j0PdOWS31kMCmfxsCwg9']	['Skryptonite', 'Райда']	2	Collaboration	2020-07-03	7.0	0.0	4.0	0.0222	0.89	0.569	4.46e-05	0.136	-6.192	0.154	0.552	104.017	2876789
0vkYzoY1ukPTWAqD4yuCXL	Отпускаю	54	False	1	184	192647	['2KoLmBXwsgMkfAvoPBlPmb', '0skU3bkFwP0sFmUIb03q82']	['Egor Kreed', 'MakSim']	2	Collaboration	2022-02-11	0.0	0.0	4.0	0.22	0.687	0.65	0.0	0.211	-6.245	0.0385	0.171	124.973	2538144
6hRvewF5MRAsqqxnNs3z2b	SUICIDE YEAR	78	True	1	184	91820	['6agBXAcUugzO8DQTChZZrx', '3WaNZnwUPrpOIS5ZcIyjTO']	['WEEDMANE', 'Suicideyear']	2	Collaboration	2020-12-16	6.0	0.0	4.0	0.172	0.788	0.871	0.00164	0.115	-5.782	0.043	0.401	128.195	1656471
5jXocrsUwpKwWyI5BZLKFA	adaptive strike	57	True	1	184	136112	['0TO6y1x0LQodwBnxGtQu9o', '0u32PEQJMO9ufiSInHtKXt', '2znSAMoC2z72k1BNWVMzKW']	['shadowraze', 'LXNER', 'quiizzzmeow']	3	Collaboration	2022-02-11	1.0	1.0	4.0	0.185	0.797	0.82	1.66e-06	0.0982	-6.646	0.0523	0.394	102.477	3730208
5xuVrsnFsQmPd0cz5r57Bx	Люби меня	67	True	1	184	318352	['6L5bLEtpxwd0KOdOr3gtW4', '4bI1b116KZGjJl5Dy7Lsjy']	['MiyaGi & Endspiel', 'Sимптом']	2	Collaboration	2016-09-20	2.0	0.0	4.0	0.439	0.619	0.622	0.0	0.119	-6.033	0.233	0.625	145.922	114898
0KCSJzsQVxkloxoT7dyrqV	The Rumbling (TV Size)	65	False	1	183	90265	['2BM933ADIluGGrPBOhPgIt']	['SiM']	1	Solo	2022-01-10	8.0	1.0	4.0	1.68e-05	0.408	0.875	0.000101	0.264	-1.536	0.0546	0.646	144.975	124782
18FeNJMj9noDECJ0w5i5PT	Неважно	52	False	8	184	151103	['2L1ldSV7eVssSmGfPAZyKc']	['Buerak']	1	Solo	2018-09-05	6.0	0.0	4.0	0.144	0.512	0.862	0.712	0.102	-4.833	0.041	0.963	79.995	17757
1LmKPUgG5xt6JpgBRhECgD	Бенз	57	False	1	184	132599	['5VKufGMVAZ6fs111xYNKnU']	['MACAN']	1	Solo	2019-08-08	1.0	1.0	4.0	0.341	0.511	0.472	4.62e-06	0.114	-9.378	0.0614	0.0372	107.904	39112
64MeGCH5YppnMj0iNyaXvY	Shivers (feat. FEDUK & SLAVA MARLOW)	48	False	1	184	166360	['6eUKZXaKkcviH0Ku9w2n3V', '3EsjO0y0DE1GC453Sgyr7Z', '55jryyk7RhvMbrvoF0ndBh']	['Ed Sheeran', 'FEDUK', 'SLAVA MARLOW']	3	Collaboration	2021-12-01	2.0	1.0	4.0	0.0382	0.793	0.553	0.0	0.0645	-8.371	0.101	0.412	140.954	1002590
0sTlGEld0h8kIPZaKDYUf4	Notion	83	False	1	184	195120	['1QfpRUtH14JLoY6F6AYmwt']	['The Rare Occasions']	1	Solo	2021-12-02	9.0	1.0	4.0	0.0673	0.309	0.883	0.00111	0.0849	-3.825	0.0808	0.312	159.488	894733
1SOClUWhOi8vHZYMz3GluK	Infinity	85	False	12	183	237720	['6QrQ7OrISRYIfS5mtacaw2']	['Jaymes Young']	1	Solo	2017-06-23	11.0	0.0	4.0	0.148	0.671	0.673	5.29e-05	0.304	-6.941	0.0444	0.494	121.963	1175736
7qEZALeVloIwiz6tvX8ZUL	Диалоги тет-а-тет	56	False	1	184	179854	['5hHCF6Qqo8rorOfdyna1ar', '5whKE6k98gq1jCmVD0pU0l']	['ALEKS ATAMAN', 'FINIK']	2	Collaboration	2021-10-06	6.0	1.0	4.0	0.0284	0.745	0.675	0.0	0.137	-5.437	0.0937	0.393	103.005	1508597
1eQc0azOMOv6VuqQi9c2Ba	Вороны	64	False	1	184	156818	['774od4b04zDMQMGxrJDeuB']	['Xcho']	1	Solo	2021-10-01	5.0	0.0	4.0	0.388	0.63	0.514	0.0	0.112	-4.942	0.0831	0.167	175.953	936658
0G51Gckb1jFoH0ZFaN49xN	ПОРНХАБ КРИСМАС КЛАБ	56	True	3	184	246743	['0xByDfltDVpk6LDsUMHyI2']	['Poshlaya Molly']	1	Solo	2018-11-23	2.0	1.0	4.0	0.0093	0.72	0.677	0.003	0.0566	-7.595	0.0917	0.229	110.026	919509
5bGs1NKVdyGjLlYjlTUVSY	uf-af	42	False	1	184	123336	['72UquEiZHhOfZN8HsEUAJP']	['LOLIWZ']	1	Solo	2021-11-08	5.0	1.0	4.0	0.266	0.683	0.903	1.13e-05	0.341	-5.427	0.0841	0.665	97.523	842204
51BlxnwGHpVayyjgssVXCi	Наверно, ты меня не помнишь	58	False	1	184	190214	['2ISiyx4DLCMAMBCvPesCoq', '6QpiYjzVCiO7063DWLTII7']	['JONY', 'HammAli']	2	Collaboration	2021-10-29	9.0	0.0	4.0	0.856	0.634	0.509	0.228	0.109	-8.541	0.0646	0.217	123.551	1429436
2CZPJLTtQ8fNps1iOw4xfb	Новогодняя	35	False	1	184	311688	['2NL5u7aIFrmuOHbYBYWjun']	['Diskoteka Avariya']	1	Solo	1999	7.0	0.0	4.0	0.00276	0.635	0.962	0.00163	0.302	-2.822	0.0496	0.841	133.996	29693
7eRQKOB4BcBa6wjp0DDsIY	Лирика	53	False	1	184	172584	['4z0OokRQUzur9rfy9KUiSf']	['Вектор А']	1	Solo	2022-02-18	2.0	0.0	4.0	0.671	0.495	0.671	0.0	0.0924	-6.156	0.297	0.598	178.011	49998
40rRfApBhFWdTSoovviBrc	DADADA	44	True	5	184	104474	['2SeRP5iAIhVec4azKHJzjX']	['INSTASAMKA']	1	Solo	2021-11-19	1.0	1.0	4.0	0.0118	0.81	0.666	0.0	0.144	-4.156	0.45	0.715	170.083	96153
3CcmGNUCMi8sdk31vDAQVA	Touch the Sky	53	True	1	184	170347	['38QFXoA64TnwDvE0nK2TYa', '1kmpkcYbuaZ8tnFejLzkj2']	['Ollane', 'MiyaGi']	2	Collaboration	2020-04-29	10.0	0.0	4.0	0.0731	0.701	0.75	0.0	0.227	-6.92	0.097	0.901	115.065	194916
08pVm2BCyMSevBLXYLysqi	СПАСАТЕЛЬНЫЙ КРУГ	60	True	4	184	153256	['2z20q6EEfm6w6PiIKsgtb3']	['FACE']	1	Solo	2019-02-01	8.0	0.0	4.0	0.303	0.766	0.728	0.0	0.126	-4.065	0.254	0.732	152.014	707385
210n2xgoOzGnb3I1K8OF4v	Кайф ты поймала	39	False	1	0	146242	['0JHx4h8GAtjhmHMQ68iQiU']	['Konfuz']	1	Solo	2020-03-25	10.0	0.0	4.0	0.0604	0.667	0.712	0.344	0.319	-5.294	0.0559	0.195	86.964	2383585
4H15QMzixtVgXvaLPzXN3V	Демоны	60	True	1	184	204923	['5q1NzLZwErZ9ujzqZKL0YZ']	['Три дня дождя']	1	Solo	2020-02-21	7.0	1.0	4.0	0.000873	0.476	0.877	0.0437	0.372	-2.985	0.0369	0.345	147.986	2343393
6h2f5GrfpXo6eZCxUdzvF2	Mama Makusa	0	True	9	0	172787	['5NMwoStnfHT4LdETlJSwDT', '5NipqMGsY4AUeb7kGT8aVz']	['Big Baby Tape', 'kizaru']	2	Collaboration	2021-10-22	1.0	1.0	4.0	0.00303	0.762	0.54	0.0	0.144	-6.734	0.333	0.358	179.031	1915855
79i617mqpQLwUs3WTokYX9	toxin	50	True	1	184	130893	['7drPVZKqAnbY227UltZV3l']	['Benedixhion']	1	Solo	2020-10-06	1.0	0.0	4.0	0.000418	0.53	0.545	0.801	0.115	-7.951	0.0492	0.148	175.94	1639851
3Qo7FF0WmgEt3JG3B2qngy	Abu Dhabi Ba6y	53	True	13	184	180000	['4TzGOY9RpErzedN02w8Boh', '1H1zBr7TXFwTwsHU5kX9gW', '3KtiWEUyKC5lgHedcN6y6C']	['Платина', 'OG Buda', 'MAYOT']	3	Collaboration	2021-08-13	0.0	1.0	4.0	0.193	0.847	0.599	0.0	0.192	-6.821	0.12	0.5	140.058	1514604
5Fxstmke6g6iWEQ2UoGWpa	Starry Eyes	43	False	11	184	148000	['1Xyo4u8uXC1ZmMpatF05PJ']	['The Weeknd']	1	Solo	2022-01-07	9.0	0.0	4.0	0.465	0.309	0.418	7.58e-05	0.295	-8.622	0.031	0.146	134.23	22324
56eV7dmQU2tlUT9QsVQWUV	Старшие (feat. Polyana)	0	True	4	0	188235	['1H1zBr7TXFwTwsHU5kX9gW', '2Nu8ejfvmO9ZF3gebkCPnz']	['OG Buda', 'Polyana']	2	Collaboration	2021-04-30	8.0	1.0	4.0	0.252	0.774	0.629	0.0	0.168	-6.405	0.285	0.214	102.001	849196
2IydAGxXza038dZ1vHEu2Z	Танцы на кухне	32	False	1	184	159336	['3EsjO0y0DE1GC453Sgyr7Z']	['FEDUK']	1	Solo	2022-01-14	1.0	1.0	4.0	0.319	0.632	0.594	0.0	0.0938	-6.489	0.3	0.583	96.462	216625
48jRCynldeK3WQbvd3jr73	never enough	0	True	1	0	142045	['53fwP60M1QNPDiXALVMeOs']	['zxcursed']	1	Solo	2022-03-13	0.0	1.0	4.0	0.0228	0.653	0.834	2.08e-05	0.297	-6.357	0.236	0.558	131.966	70750
53shWqZYUcOCTM8bn6Z2nM	Код	54	False	1	184	134000	['2TkdOzKYH84SBOeb4ztuzy', '4Ao70XMSvFDQzVSLbFM5E7']	['whyalive', 'Horoshiyagni']	2	Collaboration	2022-02-08	8.0	1.0	4.0	0.0894	0.6	0.608	1.55e-05	0.282	-6.444	0.106	0.751	170.798	217416
3yCKABoZU3FVFuyVBc5VlM	плачь	58	True	1	184	116404	['3zgn9mSaWsqdpcKo94Z5oi', '2IGZnq5Ot1NquCpks3zO4o']	['rizza', 'Sqwore']	2	Collaboration	2021-08-27	4.0	0.0	4.0	0.3	0.657	0.833	2.49e-06	0.124	-3.544	0.231	0.55	157.438	4711908
6EtKlIQmGPB9SX8UjDJG5s	Formula	86	False	2	184	91869	['2feDdbD5araYcm6JhFHHw7']	['Labrinth']	1	Solo	2019-10-04	11.0	1.0	4.0	0.0448	0.574	0.664	0.0553	0.146	-6.068	0.0409	0.226	144.654	1130904
6qZra71fzsZOgmCPwzBKLt	Vlone	58	True	6	184	143046	['2z20q6EEfm6w6PiIKsgtb3']	['FACE']	1	Solo	2017-01-13	0.0	1.0	4.0	0.374	0.803	0.744	1.92e-06	0.23	-6.174	0.324	0.927	149.996	825762
3vySEUpD0tc801F2WZDLYw	Freaky Deaky	73	True	1	184	215281	['5LHRHt1k9lMyONurDHEdrp', '5cj0lLjcoR7YOSnhnX0Po5']	['Tyga', 'Doja Cat']	2	Collaboration	2022-02-25	2.0	0.0	4.0	0.019	0.799	0.653	0.0	0.0935	-5.453	0.037	0.236	104.019	85877
0iZ7MgaUedNHqlqg9PMqsY	Don’t Break My Heart	36	False	13	184	205469	['1Xyo4u8uXC1ZmMpatF05PJ']	['The Weeknd']	1	Solo	2022-01-07	10.0	1.0	4.0	0.31	0.767	0.618	0.0	0.179	-7.163	0.032	0.243	121.959	19425
7bp3zmEvpHLa0h32nhDUkB	L’enfer	66	False	1	184	189720	['5j4HeCoUlzhfWtjAfM1acR']	['Stromae']	1	Solo	2022-01-09	2.0	0.0	4.0	0.33	0.4	0.547	0.0	0.241	-8.381	0.177	0.606	177.595	23429
3BtXgurV7Xz7SuJv2mfBSQ	Экзорцизм	0	False	4	0	166000	['6DmIyvFezjalXWFVKTPvAN']	['Сны Саламандры']	1	Solo	2019-02-10	2.0	0.0	4.0	0.253	0.564	0.668	0.0	0.112	-8.353	0.0529	0.257	120.446	226167
6ugYbXPyqfpYTtG9z6YRvH	Коми	53	True	12	184	171360	['3TikHXhctY4FUIMlkl0tzR', '27kGBCjiz5OXojkKX4xQ6R']	['SODA LUV', 'BUSHIDO ZHO']	2	Collaboration	2020-11-06	6.0	1.0	4.0	0.0273	0.93	0.529	0.0	0.145	-8.891	0.375	0.634	125.04	16698
3858LZVkoxKeKelqBGHB6K	Без даты	54	True	1	184	209580	['7EQTPWt62cFgqw1nAiFiRl']	['УННВ']	1	Solo	2020-10-22	6.0	0.0	4.0	0.00186	0.549	0.788	0.000462	0.315	-5.425	0.202	0.482	101.017	1010862
0BJC89bP7WtRiVEi4BwqiA	Я СДЕЛАЛ ЭТО (feat. DooMee)	0	True	1	0	168000	['5A9NWhs9ydYZPGgvcWI8Ms', '0Rb1j4P056IYg6ncXqslRr']	['LOVV66', 'DooMee']	2	Collaboration	2022-01-21	2.0	0.0	4.0	0.267	0.752	0.537	0.0	0.225	-10.815	0.0658	0.336	130.164	177688
1cM6fsR7qJbls7CkU2Hway	Кайен	58	False	7	184	181720	['2zYmwYLeJvcr8vRQe5pQRa']	['Valentin Strykalo']	1	Solo	2012-02-24	9.0	0.0	4.0	0.0059	0.458	0.891	0.0	0.101	-3.395	0.112	0.683	191.929	1294005
1pKYYY0dkg23sQQXi0Q5zN	Around the World	76	False	7	184	429533	['4tZwfgrHOc3mvqYlEYSvVi']	['Daft Punk']	1	Solo	1997-01-17	7.0	1.0	4.0	0.00356	0.956	0.795	0.889	0.0906	-5.311	0.15	0.841	121.294	62176
2uFaJJtFpPDc5Pa95XzTvg	Let It Snow! Let It Snow! Let It Snow!	58	False	2	184	117146	['49e4v89VmlDcFCMyDv9wQ9']	['Dean Martin']	1	Solo	1959-01-01	1.0	1.0	4.0	0.912	0.451	0.24	2.45e-06	0.175	-14.014	0.0351	0.701	134.009	16402
0Mfjy6p9vZsfzbQReWdooZ	ночь	60	False	6	184	149333	['0aXi5kveuKNm6t5vGVeUBM']	['ooes']	1	Solo	2021-06-25	11.0	0.0	4.0	0.831	0.533	0.52	0.00365	0.148	-10.101	0.0455	0.233	89.943	2461328
6jfyE4yAr6kc2Vthham31E	Убей Меня	46	True	1	181	159692	['7blTwZGiTplsvBEvYOsDot', '7dJzxVffEZI5MuHOJiQB5A']	"[""Ramil'"", 'Rompasso']"	2	Collaboration	2021-11-12	11.0	0.0	4.0	0.341	0.779	0.5	0.51	0.106	-7.141	0.0719	0.404	109.983	19113
2eec9gkxUtVc0rlV5mOpQC	там, где хорошо	52	False	1	184	215172	['4uWhcZCwuPopf6JGvwsN2B']	['ANIKV']	1	Solo	2021-07-08	7.0	1.0	4.0	0.0608	0.674	0.433	0.000269	0.11	-9.695	0.0315	0.112	144.929	308738
1mWdTewIgB3gtBM3TOSFhB	Butter	74	False	1	184	164441	['3Nrfpe0tUJi4K4DXYWgMUX']	['BTS']	1	Solo	2021-06-04	8.0	1.0	4.0	0.00323	0.759	0.459	0.0	0.0906	-5.187	0.0948	0.695	109.997	20580
3e4ksSBSoDqTDOCGDwyMQ8	Новогодняя	30	False	2	183	143386	['7uH6CJjqK71HlHW4WHNAJg']	['Verka Serduchka']	1	Solo	2003	2.0	0.0	4.0	0.199	0.721	0.883	0.0	0.328	-9.783	0.0405	0.965	145.059	19299
5VKH21bwtHFMVKtChm4ltz	Пошла жара	56	False	1	184	170000	['0xTdDjeCoM89b7n9fLcZvR', '5NW2uPFatEKjZQ5gpWD8HO']	['GAYAZOV$ BROTHER$', 'Filatov & Karas']	2	Collaboration	2021-06-17	7.0	0.0	4.0	0.00598	0.743	0.947	0.0	0.338	-3.722	0.0419	0.473	107.074	889013
6Q41xwUI0G0ArhToGBy25n	Платина	55	True	1	184	103260	['0Kwx9LPnkelacgHzRI8vxl', '3a4bEvoyyeZPOLxCkSgPO6']	['Jakone', 'A.V.G']	2	Collaboration	2022-02-28	8.0	1.0	4.0	0.469	0.874	0.434	5.79e-06	0.138	-11.184	0.371	0.886	115.004	437347
1tzTlRMcw9xDqrNRzj3H2g	Мальчик на девятке	54	False	3	184	215474	['4k0dbhJImJWSJf9PsH7H3z']	['DEAD BLONDE']	1	Solo	2020-04-30	9.0	0.0	4.0	0.00718	0.745	0.861	0.111	0.387	-6.807	0.0356	0.749	137.031	1709604
0REqV81vXvrYw8xeyTTG5t	Хочешь	48	False	1	184	121043	['3nBhPSHZ3oWyLLG3eBBqQY', '1I8cwnCuQZfi6C1eZVrRIF']	['Arthur Pirozhkov', 'Klava Koka']	2	Collaboration	2021-12-22	2.0	1.0	4.0	0.0309	0.821	0.813	7.09e-06	0.0894	-4.325	0.0708	0.493	114.999	1598276
5XFPXH2ieaL05Xgsati1JJ	She Wants	56	True	1	184	162615	['1WAB4gjjNfQpAgT5SoAbRE']	['ROCKET']	1	Solo	2020-08-28	1.0	0.0	4.0	0.00284	0.782	0.443	0.0564	0.126	-9.375	0.226	0.212	75.549	1174679
0YQEWdfq3ajtNtK106Dr0k	Shinigami Eyes	66	True	1	184	159315	['053q0ukIDRgzwTr4vNSwab']	['Grimes']	1	Solo	2022-01-26	9.0	0.0	4.0	0.00604	0.632	0.691	0.00149	0.19	-5.226	0.0603	0.0768	116.028	21369
1xwDjxLlGNxXiHYqltJvpH	дети немой страны	58	False	1	184	132446	['7l5SzCjzw6Xvi5rjZSQrl8']	['конец солнечных дней']	1	Solo	2020-10-16	8.0	1.0	4.0	0.00361	0.657	0.896	0.0733	0.125	-5.906	0.0425	0.331	92.164	389627
1Kb7obMqEf8I0S84zwOl7C	HELLA PLAYERS	52	True	1	184	158000	['1hwKCeSXpLrh4OQND6iQHw', '3IwaLzOzILWyMzjXFWiDbW']	['OBLADAET', 'JEEMBO']	2	Collaboration	2021-08-20	9.0	1.0	4.0	0.0263	0.846	0.738	0.0	0.174	-6.297	0.211	0.609	79.982	1972166
1xASDcZcb869OkSu86Wbw8	кладбище	55	False	1	184	109133	['1YMUxFiaKsU85N9YolW0W9']	['вышел покурить']	1	Solo	2019-02-19	0.0	1.0	4.0	0.967	0.656	0.315	0.000572	0.246	-14.558	0.487	0.394	167.931	1385496
6HXheUbvgpEVEFH51ipUf9	И ЧТОЭ	51	True	7	184	114456	['2SeRP5iAIhVec4azKHJzjX']	['INSTASAMKA']	1	Solo	2021-11-19	11.0	1.0	5.0	0.00296	0.884	0.571	0.0	0.342	-5.408	0.365	0.643	86.655	1667131
3Qef8ytrSaKyKFFHhULLdx	Антикобыла (prod. by SHEEPY)	46	True	1	184	152307	['3kD7WYKPDrC4C9SwFh7XLD']	['Daybe']	1	Solo	2022-01-21	11.0	0.0	5.0	0.306	0.603	0.803	0.0	0.153	-4.678	0.0669	0.679	121.012	1078325
1hfISzdAwnywAKxaSpfloo	Положение	62	True	6	184	282621	['3vvLuXEEf7sl3izJcw0GIn']	['Skryptonite']	1	Solo	2017-12-16	1.0	0.0	4.0	0.542	0.58	0.539	0.000292	0.146	-8.893	0.322	0.243	62.922	2042772
6m7QUKRStA95DXM4IS8eFD	LAMBO URUS	53	True	1	184	148047	['2KoLmBXwsgMkfAvoPBlPmb']	['Egor Kreed']	1	Solo	2021-10-15	5.0	1.0	3.0	0.258	0.695	0.612	0.0	0.109	-7.492	0.0948	0.26	146.012	1169288
266QhbDtB6QapuIYRBaLFe	Christmas EveL	48	False	1	1	178529	['2dIgFjalVxs4ThymZ67YCE']	['Stray Kids']	1	Solo	2021-11-29	5.0	0.0	4.0	0.0412	0.874	0.759	0.0	0.401	-3.895	0.166	0.884	140.007	16210
4h5oHfU4P7yWzeykGX2a86	Цветами радуги	57	False	6	184	240195	['5rXtHvb8jMNgmSX7Khd77x']	['pyrokinesis']	1	Solo	2019-08-16	8.0	1.0	4.0	0.205	0.567	0.65	0.0	0.0603	-5.484	0.179	0.386	160.165	1653778
3NHSz1GyC5IeK1soZSjIIX	ИСКАЛА	58	False	11	184	214000	['6oO3QiWdVj5FZQwbdRtsRh']	['Zemfira']	1	Solo	2000-03-28	9.0	0.0	4.0	0.0218	0.659	0.615	0.0	0.162	-7.633	0.0254	0.568	95.032	393736
4xwiHP2BsQYqVoL2E782z0	Без названия	56	True	1	184	180000	['5VKufGMVAZ6fs111xYNKnU']	['MACAN']	1	Solo	2021-10-11	6.0	0.0	4.0	0.52	0.586	0.478	0.0	0.111	-7.624	0.199	0.45	112.038	1286914
2t16D9V5FmmRAJjsSpwvZf	When I R.I.P.	74	True	24	184	174567	['2feDdbD5araYcm6JhFHHw7']	['Labrinth']	1	Solo	2019-10-04	8.0	0.0	4.0	0.73	0.417	0.551	0.00166	0.0907	-6.456	0.174	0.444	87.614	122122
3mcw4dkjfzj5B4Ago9NSmN	ТОЛПЫ КРИЧАТ	58	False	1	184	125538	['0NhjeTa9uSqiD1wEG3gfII', '0kD3TUffiD0sPxGwygzjg7', '3r1Md7Hk5iqtpyEoGo8032']	['uniqe', 'nkeeei', 'ARTEM SHILOVETS']	3	Collaboration	2021-09-28	3.0	0.0	4.0	0.698	0.895	0.384	0.0	0.0933	-7.204	0.241	0.697	130.087	4337358
13vbcNzmLEgNdC9FewtlDL	Голодный пёс [prod. by Pretty Scream]	44	True	13	184	171707	['2ngiK5FQchV4i7eOyXOXKt', '3TikHXhctY4FUIMlkl0tzR']	['SEEMEE', 'SODA LUV']	2	Collaboration	2021-06-25	0.0	0.0	4.0	0.17	0.87	0.602	0.0	0.108	-4.933	0.131	0.172	122.985	800712
2gQPv5jvVPqU2a9HhMNO1v	Toxic	76	False	1	184	168020	['1Cd373x8qzC7SNUg5IToqp']	['BoyWithUke']	1	Solo	2021-10-29	8.0	0.0	4.0	0.835	0.594	0.612	0.0	0.461	-6.627	0.363	0.687	179.629	1656929
1UlnDZ5ubsSX3xrXu063dZ	Intro: 2 Cool 4 Skool	56	False	1	183	63786	['3Nrfpe0tUJi4K4DXYWgMUX', '0js3wKXyi7RL11sfOykRt1']	['BTS', 'dj friz']	2	Collaboration	2013-06-12	8.0	1.0	4.0	0.179	0.894	0.835	0.266	0.179	-6.249	0.245	0.532	94.871	21177
3qeNvBiZvs4W6sIpcXPYnY	Первый раз	55	True	1	184	73500	['7xViKup0waKtypawDbsvrW']	['JojoHF']	1	Solo	2021-02-21	1.0	1.0	4.0	0.257	0.73	0.389	1.08e-06	0.147	-12.469	0.272	0.396	160.145	351669
6AXuPSx2bo9Nu6J3GuTox1	uf-af	45	False	15	184	123336	['72UquEiZHhOfZN8HsEUAJP']	['LOLIWZ']	1	Solo	2022-02-25	5.0	1.0	4.0	0.266	0.683	0.903	1.13e-05	0.341	-5.427	0.0841	0.665	97.523	58598
2TSPm7zdFT8DazJi3Urfs2	Снеговичок	29	True	1	184	166413	['4h8pGxEIOi7j4me1yhYxlD']	['LSP']	1	Solo	2022-02-11	4.0	0.0	4.0	0.299	0.574	0.666	0.0	0.584	-5.067	0.0611	0.507	152.127	252806
2INWHGzw5qTbdeLDARChfe	Привет	23	False	1	0	128470	['4ENNw1y7XuWPt7tvzoQ8Pz']	['Kambulat']	1	Solo	2021-11-12	5.0	0.0	4.0	0.532	0.676	0.383	0.0	0.236	-8.971	0.042	0.37	85.021	2875877
5AWvgGBQJQdOdkdZbGOjBk	JUICY	46	True	3	184	120090	['2SeRP5iAIhVec4azKHJzjX']	['INSTASAMKA']	1	Solo	2021-11-19	6.0	0.0	4.0	0.0255	0.77	0.886	0.0	0.0507	-3.564	0.179	0.793	179.927	324673
3hO5HaxJbDLD2AbtgxHlQs	SEGA MEGA DRIVE	31	False	1	184	141093	['1K21aU29xAqoKoqbFgpPUt']	['GSPD']	1	Solo	2022-01-28	7.0	1.0	4.0	0.0129	0.757	0.984	0.105	0.111	-4.242	0.165	0.761	159.949	21825
4TNT1dmWRE8RVpKDHLF8UP	GAZ	57	True	1	184	148307	['3Tv1UzQAvn0v0hKTxisXnR']	['Kaito Shoma']	1	Solo	2021-04-02	1.0	1.0	4.0	0.145	0.766	0.788	0.0	0.199	-0.915	0.0878	0.526	97.531	71904
5hY09NvKjD3gBQS3qhriXD	Танцы	61	True	1	184	175053	['0RfocEzLe78RexLTeU1K2p']	['ssshhhiiittt!']	1	Solo	2019-09-30	7.0	0.0	4.0	0.144	0.481	0.972	0.000184	0.789	-1.647	0.0576	0.856	159.905	1913945
4umjgYILQbHyV41ZmaemQm	Million	1	True	6	0	134723	['5NMwoStnfHT4LdETlJSwDT', '5NipqMGsY4AUeb7kGT8aVz']	['Big Baby Tape', 'kizaru']	2	Collaboration	2021-10-22	6.0	1.0	4.0	0.0284	0.868	0.677	0.0	0.267	-4.61	0.223	0.719	165.029	4845678
4QMUlfeVwnb75F4IfnJdY4	Вина	50	True	1	184	201230	['5q1NzLZwErZ9ujzqZKL0YZ']	['Три дня дождя']	1	Solo	2022-02-18	5.0	0.0	4.0	0.119	0.557	0.779	2.2e-06	0.362	-7.029	0.0435	0.545	130.103	639458
4XeBNnnoABfqa6x8dK27b8	Красота и Уродство	50	False	3	184	159053	['1gCOYbJNUa1LBVO5rlx0jB']	['Oxxxymiron']	1	Solo	2021-12-01	0.0	1.0	4.0	0.233	0.695	0.71	0.0	0.092	-5.916	0.344	0.423	90.806	386313
35LIFNsMZjGJhLvRYAYxTX	Я тебя люблю	60	False	1	184	196773	['0r3Nr12KW6sMFbgdzbJtgj']	['Где Фантом?']	1	Solo	2020-08-26	4.0	1.0	4.0	0.657	0.518	0.659	0.415	0.11	-9.738	0.0271	0.622	185.032	425264
3Wrjm47oTz2sjIgck11l5e	Beggin'	87	False	4	184	211560	['0lAWpj5szCSwM4rUMHYmrr']	['Måneskin']	1	Solo	2017-12-08	11.0	0.0	4.0	0.127	0.714	0.8	0.0	0.359	-4.808	0.0504	0.589	134.002	418596
0nqWnlvSpyqbk2Xp9mncVL	Пополам	62	False	1	184	141538	['0Bs5ttRLguNx77bWNy6og4', '5VKufGMVAZ6fs111xYNKnU']	['BRANYA', 'MACAN']	2	Collaboration	2021-06-14	2.0	0.0	4.0	0.337	0.818	0.613	0.0	0.202	-5.84	0.0605	0.324	116.927	574907
7uJlcGDXjx8Ha6t8kWFlxf	За всех	63	True	1	184	104680	['5VKufGMVAZ6fs111xYNKnU']	['MACAN']	1	Solo	2022-02-07	8.0	1.0	4.0	0.268	0.575	0.642	0.0	0.0945	-5.229	0.38	0.221	188.515	1904010
7vQbuQcyTflfCIOu3Uzzya	Jingle Bell Rock	60	False	1	184	130973	['38EmEgXkgK51MT2tPY0EoC']	['Bobby Helms']	1	Solo	1957-12-02	2.0	1.0	4.0	0.643	0.754	0.424	0.0	0.0652	-8.463	0.0363	0.806	119.705	20456
43wgyQXc2M9KmTDUqVzugM	I Got Love	70	False	1	184	276687	['6L5bLEtpxwd0KOdOr3gtW4', '2R1OELuSJzXjRm8lc8FjPC']	['MiyaGi & Endspiel', 'Rem Digga']	2	Collaboration	2016-09-09	2.0	0.0	4.0	0.154	0.666	0.862	0.0	0.139	-4.376	0.203	0.203	106.028	1300942
6uop4vJawsJhzHIEYg0mvY	Твой враг (Prod. by CONCENTRACIA)	35	True	1	184	132160	['15fKXF1z3Us6ce3O4gGBKs']	['PUSSYKILLER']	1	Solo	2022-02-04	1.0	1.0	4.0	0.0215	0.756	0.438	4.41e-06	0.33	-8.277	0.0439	0.0677	119.952	22738
1MiUVjoHt4jiskDrt2ZHrq	Я пиздатый	56	True	1	184	148609	['09W1Zh2IfOs6YYEiKgYY1K']	['LIL MORTY']	1	Solo	2018-02-21	5.0	1.0	4.0	0.0776	0.787	0.654	9.78e-05	0.123	-9.479	0.167	0.69	160.003	1904946
14xFIjirsaM0j0yAijm9sy	ТРОЙНАЯ ЭСС	32	True	17	184	119225	['0ne2rg2JwZmIy7X1aVNq7y']	['163ONMYNECK']	1	Solo	2022-02-18	10.0	1.0	4.0	0.295	0.542	0.628	0.0	0.314	-8.574	0.155	0.32	77.321	29836
2fIBmScNzkGmSJ3y2XsmEI	Yamakasi	61	True	9	184	263597	['0hmUwzWBrPHpGWGrYH05c3']	['Miyagi & Andy Panda']	1	Solo	2020-07-17	7.0	0.0	4.0	0.57	0.619	0.334	0.000157	0.148	-10.097	0.223	0.0989	81.977	148123
2diJF8UbIsmOilJU3BTTyM	Ghoul	23	False	1	0	129651	['7j40HHXXwci38c8Ws6WmgN']	['Twinky']	1	Solo	2021-06-12	9.0	1.0	4.0	0.341	0.729	0.468	3.21e-05	0.108	-6.634	0.302	0.359	151.103	1681377
0HpoU9wzx6lhK1jIa6cVU3	so low	54	False	1	184	160138	['3nD2JkW5w0HXX8I6AhVDar', '5E8WmPx3HcFqAA2PLVFk3R']	['escape', 'Даня Милохин']	2	Collaboration	2021-09-01	10.0	0.0	4.0	0.553	0.753	0.459	0.0	0.205	-6.099	0.266	0.549	179.944	958792
4xx37dCWh0zxsWsq4zg6GF	Hard Drive	57	False	1	184	180124	['4YbLu4l7vHlJPD9yGjCkRu']	['Griffinilla']	1	Solo	2016-01-27	11.0	0.0	4.0	0.00774	0.707	0.725	7.3e-05	0.271	-7.821	0.0286	0.881	130.012	830747
6P4SAsG3RuIeGymX2Qou9L	Седьмой лепесток	54	False	1	184	199603	['3giS0ZS4ACM4WKXU1VklAD']	['Антон Токарев']	1	Solo	2021-12-14	10.0	0.0	4.0	0.00879	0.653	0.425	2.75e-05	0.109	-11.317	0.0256	0.163	101.025	2430532
3lx2dHPS44NhqKkncoeQ5F	ШОПЛИФТЕР	29	True	1	184	200985	['0ne2rg2JwZmIy7X1aVNq7y', '7gmUEqRjXK144s5jQMVc8c', '0dYPNZqAPGnHiFTTy7qMxL', '1nnaE1FllcW0TlDdPVmdPg']	['163ONMYNECK', 'Yanix', 'FEARMUCH', 'Scally Milano']	4	Collaboration	2022-02-11	1.0	1.0	4.0	0.0147	0.752	0.605	0.0	0.13	-9.88	0.271	0.233	101.559	316225
3PqF51Ccy7fDQKbswnrU9A	ИЗВИНЯЮСЬ	38	True	19	184	123913	['0ne2rg2JwZmIy7X1aVNq7y']	['163ONMYNECK']	1	Solo	2022-02-18	1.0	1.0	4.0	0.0576	0.733	0.685	0.0	0.301	-7.839	0.342	0.311	183.957	109774
3KyKxJ4P3pVCgaZwaq2rUC	Gasoline	70	False	2	184	212165	['1Xyo4u8uXC1ZmMpatF05PJ']	['The Weeknd']	1	Solo	2022-01-06	6.0	0.0	4.0	0.000582	0.728	0.741	0.00206	0.33	-7.075	0.0473	0.31	123.006	155516
6OMBhRhwg6cnWR9ghrTubA	Я так соскучился	55	False	13	184	408875	['47jBQjRmURjRn3XfLIaHvV']	['Pornofilmy']	1	Solo	2017-09-28	9.0	0.0	4.0	0.000584	0.326	0.796	0.00255	0.0898	-4.976	0.043	0.182	101.507	1901382
04cMUwER7r2VwqMCj4kYJ9	Devil Eyes	77	True	1	184	136651	['6nTTVtUnmZWlPju0qzX7Or']	['ZODIVK']	1	Solo	2022-01-28	2.0	1.0	4.0	0.00189	0.73	0.757	0.833	0.157	-7.379	0.0989	0.259	102.378	416261
4jkq9bTWSn4phpLK9B5DhO	Август - это ты	58	False	1	184	165405	['6OTMjaRQ9kxdwoPRYTmyOM']	['МОТ']	1	Solo	2021-08-27	7.0	0.0	4.0	0.363	0.704	0.486	0.0	0.115	-7.176	0.0556	0.423	148.039	951205
1aAcW69jxv3pp3I84oZGqP	Дурак и молния	64	False	13	184	114333	['0qc4X567Fs1DUbQ7bS2XSJ']	['Korol i Shut']	1	Solo	1996-09-02	1.0	0.0	3.0	0.111	0.434	0.744	0.0	0.342	-9.449	0.194	0.668	178.879	59830
5X1FYw7MXEgnPmQAYwAa0q	Aomine Daiki	57	False	1	184	167272	['2znSAMoC2z72k1BNWVMzKW']	['quiizzzmeow']	1	Solo	2021-10-05	1.0	1.0	4.0	0.0263	0.51	0.817	0.0	0.355	-6.192	0.0474	0.159	82.466	3542771
0fLampmh4qsOLGitXM171a	Таблетка	59	True	3	184	89806	['4mVClR51ezgcGmBnInzFum']	['PLOHOYPAREN']	1	Solo	2021-07-30	0.0	1.0	4.0	0.279	0.771	0.719	4.86e-06	0.125	-7.33	0.169	0.367	77.493	1387601
4QOagjqRQure499CuWJqqg	ДЕВОЧКА С КАРЕ	57	False	4	184	156900	['6a1CGYBFAUrrWZvD2iSsEi']	['MUKKA']	1	Solo	2019-02-22	0.0	0.0	4.0	0.0798	0.597	0.783	0.0	0.163	-6.64	0.0306	0.924	74.991	1831564
7FUzvOhDj64gFgjex5St3Y	Трап Трап	0	True	8	0	129511	['5A9NWhs9ydYZPGgvcWI8Ms']	['LOVV66']	1	Solo	2021-05-28	10.0	1.0	4.0	0.0897	0.707	0.858	0.0	0.377	-5.24	0.0919	0.757	163.944	1437889
6KM7gePYUE2Xefjp4g9L2s	Самый лучший день	2	True	1	0	93257	['44L2bdEufrpXM5S7yn30JJ']	['Кишлак']	1	Solo	2022-03-04	0.0	0.0	4.0	0.0179	0.7	0.749	0.0	0.155	-6.288	0.14	0.515	175.111	22840
5mnpMkzp3Z2RCCbwIEZCbv	Phonky Town	78	True	1	184	141343	['1SwmXTElW9TlkK2Rydgb4D']	['PlayaPhonk']	1	Solo	2021-03-16	1.0	1.0	4.0	0.363	0.805	0.816	0.826	0.121	-4.685	0.346	0.338	124.966	1829566
0h3jDrGXvkETn0xJRcZOJ9	Dirrt	0	True	4	0	161605	['5NMwoStnfHT4LdETlJSwDT', '5NipqMGsY4AUeb7kGT8aVz']	['Big Baby Tape', 'kizaru']	2	Collaboration	2021-10-22	8.0	1.0	4.0	0.207	0.907	0.544	0.635	0.179	-4.701	0.0387	0.387	100.964	1204137
21BrQW6GdRcMxvrwhIHqzR	Веном	53	True	11	184	176746	['4TzGOY9RpErzedN02w8Boh', '5NMwoStnfHT4LdETlJSwDT']	['Платина', 'Big Baby Tape']	2	Collaboration	2021-08-13	1.0	1.0	4.0	0.0607	0.752	0.527	9.87e-06	0.129	-4.144	0.131	0.609	77.503	1592959
3vJcz8exedHCjQ9ed95NqU	Every Angel is Terrifying	59	False	12	184	167255	['1Xyo4u8uXC1ZmMpatF05PJ']	['The Weeknd']	1	Solo	2022-01-06	0.0	1.0	4.0	0.109	0.447	0.959	2.75e-05	0.0498	-5.59	0.348	0.46	118.167	18819
7lcI4X8RZxK4zIknJcwpBq	Bussin	66	True	1	184	136760	['0hCNtLu0JehylgoiP8L4Gh', '5f7VJjfbwm532GiveGC0ZK']	['Nicki Minaj', 'Lil Baby']	2	Collaboration	2022-02-11	11.0	1.0	4.0	0.0576	0.893	0.699	3.02e-06	0.128	-8.059	0.0517	0.747	139.972	21589
5hxOo9pCGL5lYvLP5dMy9y	Бандана	41	True	4	0	122000	['4TzGOY9RpErzedN02w8Boh']	['Платина']	1	Solo	2018-06-15	9.0	0.0	4.0	0.698	0.875	0.808	0.0	0.145	-5.074	0.289	0.756	145.207	149022
2cfFwuqPLUre5laXoyiRme	Dreamcore	64	False	1	184	178285	['1wUtnIM66rOLpg70aCDY7f']	['Pathetic']	1	Solo	2021-08-27	10.0	0.0	4.0	0.0462	0.444	0.993	0.00398	0.115	-1.716	0.111	0.449	139.955	846929
5kElIh62XbmpGwfR0cYaZn	Не по пути	57	True	1	184	156733	['1F8usyx5PbYGWxf0bwdXwA']	['PHARAOH']	1	Solo	2018-10-11	10.0	1.0	4.0	0.45	0.812	0.634	3.42e-06	0.128	-8.31	0.136	0.609	98.015	152372
6OvSr8rj6ZOCcUJ1hnP7TK	КОРИЧНЕВЫЕ	43	True	2	184	177868	['0ne2rg2JwZmIy7X1aVNq7y', '1H1zBr7TXFwTwsHU5kX9gW']	['163ONMYNECK', 'OG Buda']	2	Collaboration	2022-02-18	1.0	1.0	4.0	0.16	0.627	0.633	0.0	0.498	-10.191	0.362	0.553	97.928	608056
6GomT970rCOkKAyyrwJeZi	Move Your Body	82	False	1	184	157444	['37czgDRfGMvgRiUKHvnnhj', '0aOIluXr131XqrXFwFCFGT']	['Öwnboss', 'Sevek']	2	Collaboration	2021-10-29	2.0	0.0	4.0	0.0169	0.848	0.821	0.000403	0.0962	-5.408	0.0527	0.249	125.051	479471
67Me2LmeUSJZGGSvVQUqbB	Крышу сносит	39	True	1	184	174977	['0u32PEQJMO9ufiSInHtKXt', '2znSAMoC2z72k1BNWVMzKW']	['LXNER', 'quiizzzmeow']	2	Collaboration	2022-01-28	9.0	0.0	4.0	0.0858	0.702	0.877	0.0	0.237	-2.571	0.26	0.571	153.034	758932
7jtQIBanIiJOMS6RyCx6jZ	Another Love	64	True	3	6	244360	['2txHhyCwHjUEpJjWrEyqyX']	['Tom Odell']	1	Solo	2013-06-17	4.0	0.0	4.0	0.717	0.442	0.538	2.95e-05	0.09	-8.55	0.0451	0.139	122.758	381625
7EkWXAI1wn8Ii883ecd9xr	Freaks	87	False	1	184	147062	['1gl0S9pS0Zw0qfa14rDD3D']	['Surf Curse']	1	Solo	2021-05-15	9.0	1.0	4.0	3.84e-05	0.345	0.941	0.633	0.0511	-9.918	0.0466	0.407	179.626	1530108
66jiJ5DX54pWNBL2Vt2859	Big Tymers	0	True	3	0	191288	['5NMwoStnfHT4LdETlJSwDT', '5NipqMGsY4AUeb7kGT8aVz']	['Big Baby Tape', 'kizaru']	2	Collaboration	2021-10-22	2.0	1.0	4.0	0.123	0.873	0.569	3.93e-05	0.65	-7.38	0.285	0.423	105.048	1664531
7uoFMmxln0GPXQ0AcCBXRq	Snowman	77	False	3	184	165900	['5WUlDfRSoLAfcVSX1WnrxN']	['Sia']	1	Solo	2018-11-01	1.0	1.0	3.0	0.483	0.716	0.512	0.0	0.0928	-6.257	0.0331	0.326	104.957	15770
3CLSHJv5aUROAN2vfOyCOh	Close Eyes	84	True	1	184	132346	['0XFgyr4jwM0MGeZZW0VzA5']	['DVRST']	1	Solo	2021-05-25	0.0	1.0	4.0	0.0748	0.784	0.572	0.843	0.139	-9.853	0.0573	0.209	96.181	3548437
3a4VCqofc7Wf7cqfZYu2Ad	Happy Death Day	58	False	1	0	220396	['1khChLj7REGqjM043PlYyn']	['Xdinary Heroes']	1	Solo	2021-12-06	9.0	0.0	4.0	0.0243	0.677	0.841	0.0	0.16	-2.97	0.0813	0.418	130.024	183045
1E5Xu8dur0fAjSP1VpVhAZ	Best Friends	73	False	9	184	163504	['1Xyo4u8uXC1ZmMpatF05PJ']	['The Weeknd']	1	Solo	2022-01-06	4.0	0.0	4.0	0.436	0.737	0.564	0.0	0.351	-7.045	0.105	0.528	90.0	84325
5DyeYXSCccZ6LNrFvDVpow	ИНТРО	26	True	1	184	99310	['0ne2rg2JwZmIy7X1aVNq7y']	['163ONMYNECK']	1	Solo	2022-02-18	0.0	0.0	5.0	0.531	0.621	0.811	0.0	0.4	-10.662	0.81	0.659	144.949	21804
4DcMqvjv5pcYVu9jTBhpDH	Инкассатор	57	True	4	184	165370	['1WAB4gjjNfQpAgT5SoAbRE']	['ROCKET']	1	Solo	2019-07-26	10.0	1.0	4.0	0.0547	0.926	0.478	0.000487	0.0808	-9.541	0.252	0.62	124.991	1731263
6O8bIZXEP37CF4Dbo7jsS1	Конспект	46	False	1	184	142080	['7l7B6CBUbV3SUp0dIiLKkA']	['SCIRENA']	1	Solo	2022-01-24	6.0	1.0	4.0	0.233	0.888	0.511	0.0	0.105	-7.577	0.231	0.688	124.931	611573
7vrKEP66NdiQDPryPG6olO	Bad Habits (feat. Bring Me The Horizon)	68	False	1	184	250763	['6eUKZXaKkcviH0Ku9w2n3V', '1Ffb6ejR6Fe5IamqA5oRUF']	['Ed Sheeran', 'Bring Me The Horizon']	2	Collaboration	2022-02-08	11.0	0.0	4.0	0.0305	0.59	0.849	0.0	0.11	-4.691	0.0792	0.178	131.018	29536
45DZOgaB4fGbUHCzMBT6go	отчим	23	False	1	184	170346	['4jIvmo6hfAQ04NSOWPVVA3']	['кис-кис']	1	Solo	2022-02-17	6.0	1.0	4.0	0.000876	0.631	0.853	1.34e-06	0.322	-3.128	0.0375	0.72	101.074	58044
0ZGHCIFlJWqwB4TpG8LFbe	МЯТОЙ - remix 2010	19	False	16	0	184623	['2rRyviUwWAHYmzyVzmXWpZ']	['КОСМОНАВТОВ НЕТ']	1	Solo	2020-10-16	11.0	0.0	4.0	0.00172	0.689	0.753	6.1e-05	0.138	-7.748	0.252	0.663	127.978	4544290
5JK4fXd3VdJOIoInyO7rTq	КАРТОФЕЛЬ ФРИ	38	True	8	184	94581	['0ne2rg2JwZmIy7X1aVNq7y']	['163ONMYNECK']	1	Solo	2022-02-18	10.0	0.0	4.0	0.216	0.746	0.564	0.00528	0.277	-11.494	0.0814	0.289	101.465	64509
3jQvH2VoTRe5CEnIS0MnCE	Dawn FM	29	False	1	184	96240	['1Xyo4u8uXC1ZmMpatF05PJ']	['The Weeknd']	1	Solo	2022-01-07	9.0	0.0	4.0	0.674	0.28	0.478	5.85e-05	0.483	-8.755	0.037	0.0807	111.65	34071
13ow2mXRk37ngan19Vt6O7	БУЗИНЕСС	30	True	20	184	144657	['0ne2rg2JwZmIy7X1aVNq7y', '0WCOJtjn0LNnc0pLh2S6gu']	['163ONMYNECK', 'Magnum Opus']	2	Collaboration	2022-02-18	5.0	0.0	4.0	0.136	0.733	0.592	0.0	0.216	-8.304	0.167	0.285	146.033	24163
1Ck6nc8m3uVBY0r4TRfd1e	Биг бой слайм	56	True	20	184	128000	['1H1zBr7TXFwTwsHU5kX9gW']	['OG Buda']	1	Solo	2019-11-29	1.0	1.0	4.0	0.0235	0.697	0.625	5.13e-06	0.11	-8.759	0.0516	0.131	134.966	630662
5PfJZqMbH0NZjhI2i9fHuW	Captain	0	True	2	0	214282	['1kmpkcYbuaZ8tnFejLzkj2']	['MiyaGi']	1	Solo	2019-06-21	5.0	0.0	5.0	0.831	0.413	0.612	0.0	0.0654	-9.391	0.121	0.638	158.195	940478
6J8QPIPby3DtLM2fMjclkl	Простым	29	False	1	184	140350	['0j6G5eiOcrSdlyqaYwtxwS']	['LIZER']	1	Solo	2022-01-28	8.0	1.0	4.0	0.0683	0.778	0.628	0.0	0.132	-7.571	0.48	0.792	171.122	170319
4jvw60Iw8LpSRJwy1sOmoB	Yeyo!	62	True	1	184	111750	['7gR1vQmVN37aNtYDE21Bae']	['Шайни']	1	Solo	2022-02-11	9.0	1.0	4.0	0.0988	0.716	0.8	0.0	0.116	-9.417	0.0618	0.436	138.01	2010360
4yyX0nJqMpqaubcGdGsxx9	ODIUM	69	True	1	184	166579	['4TS37lr3ZraUxBHS727sEp', '5kkVPwCLmdkqaSQpptZtXj']	['LXST CXNTURY', 'Kingpin Skinny Pimp']	2	Collaboration	2019-09-23	11.0	0.0	4.0	0.163	0.708	0.781	0.885	0.392	-8.267	0.0638	0.345	74.997	1850863
0RYHqnmtNRfbYxP6Dn8Vse	masquerade	74	False	1	184	144535	['0OO76E5lRfeyBI3fkA73Dr']	['siouxxie sixxsta']	1	Solo	2021-11-11	9.0	1.0	4.0	0.000674	0.608	0.792	0.653	0.252	-5.721	0.0355	0.611	161.104	901823
6ETHJLVy1Zwibk0LdxQQ0p	Как не любить	54	False	1	184	168000	['4J6A7DGmVEA4CXhTnCxxEd']	['Andro']	1	Solo	2022-02-25	8.0	0.0	4.0	0.103	0.627	0.538	1.61e-06	0.112	-7.588	0.164	0.242	85.868	40005
04gmklgYhNhZxRnAvSofoE	Днями-ночами	59	False	1	184	197333	['5rXtHvb8jMNgmSX7Khd77x', '6a1CGYBFAUrrWZvD2iSsEi']	['pyrokinesis', 'MUKKA']	2	Collaboration	2020-03-19	9.0	1.0	4.0	0.179	0.564	0.878	0.0	0.263	-1.592	0.0556	0.313	179.815	2944043
7z76CNdctcLMga7kb0WyJG	СТИКЕР	2	False	11	0	132582	['4t8lDh2zuWn1d9cyJQkESe', '0ChMIwzbYxHbebgoPeETfV']	['CMH', 'Lida']	2	Collaboration	2021-01-15	4.0	1.0	3.0	0.000377	0.582	0.888	0.000244	0.292	-7.451	0.0462	0.654	172.175	1595636
2bqS0QtnXGjOYs3z6VtSyW	Контракт	59	False	1	184	204756	['0xByDfltDVpk6LDsUMHyI2']	['Poshlaya Molly']	1	Solo	2021-03-12	0.0	1.0	4.0	0.000461	0.682	0.806	0.0	0.217	-6.184	0.0418	0.872	109.972	1812517
0s6XU14rLFh4AfCdW2gKAE	NHL MONEY	48	True	9	184	126613	['1hwKCeSXpLrh4OQND6iQHw', '3pONzjQKqFrh3zTQBTMeWd']	['OBLADAET', 'THRILL PILL']	2	Collaboration	2021-03-26	1.0	1.0	4.0	0.0233	0.802	0.718	0.0	0.344	-8.426	0.197	0.299	99.974	806644
1DNfspfRRy59nYnxAVeqK0	Между Нами	58	True	3	184	255804	['0j6G5eiOcrSdlyqaYwtxwS']	['LIZER']	1	Solo	2019-04-19	6.0	1.0	4.0	0.571	0.738	0.478	0.0	0.199	-9.421	0.094	0.345	125.95	35957
7hEps2SpTE29ei0M9EVwBx	Губы	45	True	1	184	82033	['7xViKup0waKtypawDbsvrW']	['JojoHF']	1	Solo	2021-02-18	7.0	0.0	4.0	0.0106	0.842	0.419	8.54e-05	0.111	-9.228	0.175	0.752	156.833	83636
20on25jryn53hWghthWWW3	Do It To It	84	False	1	184	157890	['4pnp4w9g30yLfVIAFnZMRd', '1c70yCa8sRgIiQxl3HOEFo']	['ACRAZE', 'Cherish']	2	Collaboration	2021-08-20	11.0	0.0	4.0	0.0209	0.854	0.806	0.0542	0.0703	-8.262	0.0886	0.637	124.927	193425
2MjMSLxSZ0nvLMNBqRc8aL	ПОЛЯНА	44	True	22	184	139000	['0ne2rg2JwZmIy7X1aVNq7y']	['163ONMYNECK']	1	Solo	2022-02-18	1.0	1.0	4.0	0.226	0.567	0.456	0.0	0.441	-9.222	0.234	0.467	88.798	27456
0CD2WEaa37QQWLumRoijqu	БУЛЛИНГ	38	True	9	184	137142	['0ne2rg2JwZmIy7X1aVNq7y']	['163ONMYNECK']	1	Solo	2022-02-18	10.0	0.0	4.0	0.2	0.699	0.64	0.0	0.256	-9.088	0.179	0.377	97.92	63020
4lBbG8BHYRvJAJE25bEMIm	Шнурки	51	True	1	184	125389	['4PW7vIaykrQZusS253bPWV']	['METAN']	1	Solo	2021-10-29	1.0	1.0	4.0	0.0119	0.662	0.76	1.03e-06	0.371	-6.511	0.07	0.39	107.277	632539
2mvP5OEZXWL0QefQSq7z6b	Стеклянная	53	False	1	184	166153	['4yFkTmeaCYPBuKpzaEHelE']	['GUMA']	1	Solo	2021-08-05	9.0	0.0	4.0	0.44	0.774	0.565	0.00102	0.109	-6.407	0.066	0.496	130.041	1541486
6LtHYDgYHRCHoKK3snfr2w	I’m Tired (with Zendaya) - Bonus Track	70	False	1	183	187943	['2feDdbD5araYcm6JhFHHw7', '6sCbFbEjbYepqswM1vWjjs']	['Labrinth', 'Zendaya']	2	Collaboration	2022-02-28	0.0	0.0	4.0	0.651	0.375	0.133	0.0	0.0695	-10.624	0.0352	0.192	131.721	85951
5m5rShfBQk4UpG7vpsEKzf	Minor	67	True	7	184	175800	['0hmUwzWBrPHpGWGrYH05c3']	['Miyagi & Andy Panda']	1	Solo	2020-07-17	9.0	0.0	4.0	0.593	0.759	0.67	5.99e-06	0.0984	-6.763	0.0708	0.49	99.948	1834360
175xPRXSrf7RSWdjAhc6oD	ТАЙМАУТ	59	False	1	184	121592	['6w5qVRuob9t7rfBj9vQfJl']	['Nikitata']	1	Solo	2021-09-10	4.0	0.0	4.0	0.456	0.787	0.429	0.0	0.269	-9.145	0.0717	0.428	113.049	1927838
7gPyGGhy2cVVVOq5V5jUt4	Башня	47	False	1	184	200000	['5E8WmPx3HcFqAA2PLVFk3R', '6rY1h3kpqbTquyR3qYWo08']	['Даня Милохин', 'Mumiy Troll']	2	Collaboration	2021-11-26	9.0	0.0	4.0	0.0227	0.727	0.854	0.0	0.404	-5.004	0.061	0.865	111.028	2983382
2r0f5LChD4msUrQtw6Mcw3	ФИНИТА	5	True	1	0	163200	['6sdq9VmQyqzh3cE6msHaXP', '2e4NfEw2apTlZue53UXTaI']	['STED.D', 'Aikko']	2	Collaboration	2022-02-10	2.0	1.0	4.0	0.0592	0.655	0.941	1.2e-06	0.148	-4.682	0.129	0.376	74.996	21008
3SQV31uJMStclklmwxQHe1	KILLKA	68	True	1	184	142258	['5xegBBY3vjR75woVR9kiy7', '1BZ5smaHoDSI2a61ErUch6']	['Ghostface Playa', 'fkbambam']	2	Collaboration	2021-06-10	4.0	1.0	4.0	0.0171	0.801	0.957	0.501	0.0857	-3.464	0.0465	0.843	124.014	1266973
54pwVW38D5DYSThV5kog1J	Отпустил	36	False	1	184	103703	['3KtiWEUyKC5lgHedcN6y6C']	['MAYOT']	1	Solo	2022-01-21	9.0	1.0	4.0	0.0562	0.646	0.424	4.16e-06	0.407	-8.637	0.237	0.425	161.979	412264
2A6bj4o6EMJdCdXzcjMl72	Errbody Sleeping	0	True	8	0	163693	['5NMwoStnfHT4LdETlJSwDT', '5NipqMGsY4AUeb7kGT8aVz']	['Big Baby Tape', 'kizaru']	2	Collaboration	2021-10-22	3.0	1.0	4.0	0.00607	0.956	0.506	0.0332	0.118	-8.107	0.153	0.503	99.997	50236
19guFw87TvSkoxnC9EBu2Y	Колхозник	56	True	7	184	158823	['16ZNqMkDZrzd8fTXeN2kUH']	['Mnogoznaal']	1	Solo	2020-04-24	7.0	1.0	4.0	0.262	0.859	0.707	0.0445	0.11	-4.363	0.106	0.572	101.992	1988354
4NjcBu9yymywoxK1l9tdBE	молчи	53	False	5	184	198000	['4jIvmo6hfAQ04NSOWPVVA3']	['кис-кис']	1	Solo	2019-09-13	1.0	0.0	4.0	0.111	0.612	0.844	0.0	0.448	-6.376	0.0974	0.537	126.931	1268341
2z8QxqQ6Kesq4NFfi7A638	Цепи	61	True	4	184	207161	['3vvLuXEEf7sl3izJcw0GIn', '3Th60WEZwIWceINQVE4Ipx']	['Skryptonite', '104']	2	Collaboration	2017-05-24	1.0	1.0	4.0	0.0338	0.719	0.661	0.0	0.262	-8.797	0.31	0.564	159.96	1820357
5f6SiaBHuLEpqxvQL0s2a9	Карусель	29	False	1	184	232525	['1S8Fs37wTew7KDYyA6t4rc', '5rXtHvb8jMNgmSX7Khd77x']	['море лун', 'pyrokinesis']	2	Collaboration	2022-01-25	2.0	0.0	4.0	0.25	0.466	0.842	2.21e-06	0.0818	-5.944	0.317	0.385	94.527	72499
6C15kOv6n392vzpGmez0sR	Любовь после тебя	49	False	5	184	245454	['4ywf1iH1ruKEcfpCgfJvyA']	['Artik & Asti']	1	Solo	2021-07-22	2.0	0.0	4.0	0.0454	0.725	0.752	0.0	0.177	-4.611	0.093	0.374	109.982	278708
1GAQCGqNVPWbM7Qm1cbi62	СТОМАТОЛОГИЧКА	53	True	10	184	147821	['0ne2rg2JwZmIy7X1aVNq7y', '27kGBCjiz5OXojkKX4xQ6R']	['163ONMYNECK', 'BUSHIDO ZHO']	2	Collaboration	2022-02-18	8.0	1.0	4.0	0.0121	0.697	0.66	0.0	0.225	-7.389	0.0493	0.261	140.015	485730
51K6oQ8WNneTfUaaQnzQdq	Почему ты еще не фанат?	59	True	1	184	163711	['5IS4dQ9lDW01IY1buR7bW7']	['СЕРЕГА ПИРАТ']	1	Solo	2021-04-09	2.0	1.0	4.0	0.0799	0.725	0.873	0.000207	0.372	-5.005	0.0892	0.658	132.065	16918
571md1FedFYFaYUMUktYaF	ЮМОРИСТ - Original Motion Picture Soundtrack	62	True	1	184	143376	['2z20q6EEfm6w6PiIKsgtb3']	['FACE']	1	Solo	2019-02-12	9.0	1.0	4.0	0.058	0.842	0.7	7.54e-06	0.48	-7.567	0.294	0.846	153.969	573831
2rowi7dF3AqhugMtAnvQmP	TRAXXXMANIA	0	True	3	0	116250	['0ohUvVskERzK18bvWXFEqi']	['GONE.Fludd']	1	Solo	2021-10-08	10.0	0.0	4.0	0.179	0.872	0.541	3.44e-05	0.101	-8.742	0.266	0.459	159.877	3284054
4bUcMJkEurAb5BewA1MKUd	Imago	23	False	1	184	163500	['2qB8FBhvhOwnsrMLXscOKf']	['Куок']	1	Solo	2022-02-18	2.0	0.0	4.0	0.0101	0.422	0.577	3.46e-05	0.284	-8.298	0.051	0.108	110.05	83049
1V0XzDGcYMtjAysR3uyZbb	Marlboro	0	False	12	0	243421	['1kmpkcYbuaZ8tnFejLzkj2']	['MiyaGi']	1	Solo	2019-06-21	2.0	1.0	4.0	0.395	0.561	0.515	0.0156	0.17	-7.07	0.102	0.0593	77.897	78057
2FRnf9qhLbvw8fu4IBXx78	Last Christmas	71	False	1	184	262960	['5lpH0xAS4fVfLkACg9DAuM']	['Wham!']	1	Solo	1984-11-29	2.0	1.0	4.0	0.189	0.735	0.478	2.48e-06	0.355	-12.472	0.0293	0.947	107.682	56793
6mv7DTwZseSvGHOJnQh0oy	Крышу сносит	46	True	2	184	174977	['0u32PEQJMO9ufiSInHtKXt', '2znSAMoC2z72k1BNWVMzKW']	['LXNER', 'quiizzzmeow']	2	Collaboration	2022-02-18	9.0	0.0	4.0	0.0858	0.702	0.877	0.0	0.237	-2.571	0.26	0.571	153.034	551475
0HqZX76SFLDz2aW8aiqi7G	Bones	87	False	1	184	165264	['53XhwfbYqKCa1cC15pYq2q']	['Imagine Dragons']	1	Solo	2022-03-11	5.0	0.0	4.0	0.0206	0.773	0.742	0.0	0.0754	-3.678	0.046	0.571	114.071	19094
0So2sgVa8aJiARPl2P29u2	Pope Is a Rockstar	72	False	6	170	187333	['6vVztIuqdDHvYWxOEXCzjN']	['SALES']	1	Solo	2016-04-20	4.0	0.0	4.0	0.85	0.725	0.446	0.243	0.107	-8.958	0.0287	0.311	90.024	85093
3UlGli59XnXKdaocUFn0gw	Пушка	27	True	1	0	203700	['0iWCupAJreesWuLo9wkpXt']	['10AGE']	1	Solo	2021-06-18	9.0	1.0	4.0	0.12	0.747	0.605	3.46e-05	0.241	-7.767	0.0917	0.23	110.025	1331796
4ZXE5Lwt3DiQ1J66nP8YQj	Мой байк	56	True	1	184	174774	['5IS4dQ9lDW01IY1buR7bW7']	['СЕРЕГА ПИРАТ']	1	Solo	2022-02-22	7.0	1.0	4.0	0.0272	0.701	0.873	0.0	0.172	-5.733	0.0898	0.615	132.999	479404
52TAW7MgoBhjx0ESJBvhs3	Говорят чо	0	True	4	0	165217	['5A9NWhs9ydYZPGgvcWI8Ms', '5UlVY7KwBwUPvHs1JtmUqy']	['LOVV66', 'blago white']	2	Collaboration	2021-02-25	1.0	1.0	4.0	0.0269	0.794	0.606	0.0	0.32	-5.963	0.0892	0.516	137.934	1260436
2Ghp894n1laIf2w98VeAOJ	How Do I Make You Love Me?	72	False	3	184	214214	['1Xyo4u8uXC1ZmMpatF05PJ']	['The Weeknd']	1	Solo	2022-01-06	7.0	0.0	4.0	0.0203	0.805	0.498	2.37e-05	0.085	-7.927	0.0737	0.636	121.006	154913
6hIr2IDeBDXfRFk0rYe5Tz	Won’t Stand Down	58	False	1	178	209061	['12Chz98pHFMPJEknJQMWvI']	['Muse']	1	Solo	2022-01-13	7.0	1.0	4.0	0.0043	0.514	0.882	2.52e-06	0.156	-4.406	0.0862	0.424	104.85	142595
6fiQEMbqzE6CMrcHeukmGc	ЖМУРКИ	58	True	3	184	127200	['0ne2rg2JwZmIy7X1aVNq7y']	['163ONMYNECK']	1	Solo	2022-02-18	8.0	1.0	4.0	0.0911	0.672	0.613	0.0	0.296	-9.055	0.437	0.623	97.374	1323078
0cOftxEWGyu4XAqEsqmdWS	зима	60	False	5	184	148000	['0aXi5kveuKNm6t5vGVeUBM']	['ooes']	1	Solo	2021-06-25	11.0	0.0	4.0	0.77	0.776	0.56	0.0288	0.164	-10.458	0.0403	0.283	119.98	1731358
1nl3QYYo7Q106eesI7K9wW	С любовью	46	False	1	184	125825	['7eDzXjUfzTCzfAkB8C6ysL']	['CAPTOWN']	1	Solo	2022-02-01	6.0	1.0	4.0	0.106	0.892	0.641	3.54e-06	0.15	-4.649	0.263	0.826	103.043	38632
7q8jzypmJPGTsph168wWjt	Кино	61	False	1	184	184444	['5VKufGMVAZ6fs111xYNKnU']	['MACAN']	1	Solo	2020-03-30	6.0	0.0	4.0	0.33	0.862	0.386	1.91e-05	0.0946	-8.427	0.0715	0.148	108.01	1500172
7lQ8MOhq6IN2w8EYcFNSUk	Without Me	91	True	10	184	290320	['7dGJo4pcD2V6oG8kP0tJRR']	['Eminem']	1	Solo	2002-05-26	7.0	1.0	4.0	0.00286	0.908	0.669	0.0	0.237	-2.827	0.0738	0.662	112.238	19485
0VGLb6IeeG5ZqonN5EavDu	Рассвет	63	False	1	184	124800	['1QljgLVnBEZge237LSpemA']	['КАКАЯ РАЗНИЦА']	1	Solo	2020-05-31	5.0	1.0	4.0	0.00688	0.551	0.827	0.000292	0.0707	-6.908	0.0643	0.18	99.97	1399119
6krYS8KtmNAYyb5uTZiYW4	Dawn FM	64	False	1	184	96240	['1Xyo4u8uXC1ZmMpatF05PJ']	['The Weeknd']	1	Solo	2022-01-06	9.0	0.0	4.0	0.674	0.28	0.478	5.85e-05	0.483	-8.755	0.037	0.0807	111.65	39217
7nfNOrTGIUYeFpHeacI2Ka	Контакт [Prod. by CONCENTRACIA]	47	True	3	184	135512	['15fKXF1z3Us6ce3O4gGBKs', '0VfZOXTKdM6a0foB6Nxl8p']	['PUSSYKILLER', 'Экси']	2	Collaboration	2022-02-04	11.0	0.0	4.0	0.374	0.79	0.655	0.00777	0.0989	-7.09	0.19	0.236	102.465	23348
2QjOHCTQ1Jl3zawyYOpxh6	Sweater Weather	92	False	4	182	240400	['77SW9BnxLY8rJ0RciFqkHh']	['The Neighbourhood']	1	Solo	2013-04-19	10.0	1.0	4.0	0.0495	0.612	0.807	0.0177	0.101	-2.81	0.0336	0.398	124.053	1664825
5FSCVRmdUhEBYtk6Add4wx	raznotsvetnaya	36	False	1	184	185530	['7wl1m5vgWkCP3cqYVj2noM']	['DOROFEEVA']	1	Solo	2022-02-16	2.0	0.0	4.0	0.164	0.777	0.658	1.58e-05	0.214	-6.459	0.0765	0.315	117.991	90413
2vgUijXOTRMnWXDtvgMp2b	Take My Breath	76	False	4	184	339023	['1Xyo4u8uXC1ZmMpatF05PJ']	['The Weeknd']	1	Solo	2022-01-06	8.0	1.0	4.0	0.0128	0.698	0.769	0.00166	0.238	-7.154	0.0368	0.354	121.02	85183
4wT9xC986HKw6LMObnOLfr	Тысячи рук	51	False	16	184	186382	['3TikHXhctY4FUIMlkl0tzR']	['SODA LUV']	1	Solo	2020-11-06	11.0	1.0	4.0	0.117	0.793	0.487	0.0	0.137	-9.165	0.169	0.407	93.98	15355
2mKa6WpSZ97avRyIlPKRK8	сети	56	False	1	184	131333	['2znSAMoC2z72k1BNWVMzKW']	['quiizzzmeow']	1	Solo	2021-12-17	5.0	1.0	4.0	0.0359	0.634	0.784	0.0	0.161	-5.297	0.0677	0.434	90.041	1983552
0bUTovzE275S4sfnJU1DMw	SLEEPKNOT	45	True	1	184	122972	['1hwKCeSXpLrh4OQND6iQHw']	['OBLADAET']	1	Solo	2021-12-10	8.0	1.0	4.0	0.186	0.812	0.615	0.0	0.141	-9.646	0.413	0.569	141.907	397855
54ZhPL5soHKDxg9a5wizPv	LIPSI HA	54	True	2	184	121423	['2SeRP5iAIhVec4azKHJzjX']	['INSTASAMKA']	1	Solo	2021-11-19	9.0	0.0	4.0	0.0863	0.758	0.534	0.0	0.139	-7.314	0.21	0.783	180.035	2588139
0Y84vLtyOj2demvSdJ2l7N	Пачка сигарет	59	False	2	184	168375	['0j6G5eiOcrSdlyqaYwtxwS']	['LIZER']	1	Solo	2018-07-27	0.0	1.0	4.0	0.654	0.72	0.501	2.64e-06	0.106	-10.369	0.246	0.65	153.945	1506316
6w5nte2isfv5QLImckFD8a	Interlude: What Are You Doing Now	55	False	8	183	41757	['3Nrfpe0tUJi4K4DXYWgMUX']	['BTS']	1	Solo	2014-08-20	4.0	1.0	4.0	0.0532	0.783	0.683	0.772	0.0529	-5.195	0.0895	0.55	82.996	36730
5Wr1F6BoB9BQ4wtlefGpK3	So Icy Nihao	0	True	2	0	153480	['5NMwoStnfHT4LdETlJSwDT', '5NipqMGsY4AUeb7kGT8aVz']	['Big Baby Tape', 'kizaru']	2	Collaboration	2021-10-22	6.0	1.0	4.0	0.0163	0.921	0.653	0.0	0.0822	-5.237	0.308	0.484	95.02	874551
2jZkZ9yvZpXw3ECTXcrwC9	Грустно на афтепати	17	True	1	0	135110	['33GX54nwJnxlbOo9YV9xtI']	['ZOLOTO']	1	Solo	2021-12-10	0.0	1.0	4.0	0.467	0.747	0.837	0.0	0.107	-4.463	0.0548	0.845	136.036	240222
0z58HQdBeOGPCveLYfX6lO	untitled	53	False	1	184	187271	['2XDZAH2dpvWNlVnvOHkCJl', '62FHJtmMEmNvNGu16VHbUp']	['semmmyq', 'shinra']	2	Collaboration	2021-04-20	7.0	1.0	4.0	0.0984	0.375	0.906	1.45e-06	0.0855	-3.977	0.138	0.279	172.292	2154492
3rpi29kD9YUDwXz1yhjS7Q	Люди	59	False	2	184	162356	['6iQqWcDg92kre5ykFLwqD8']	['Дайте танк (!)']	1	Solo	2020-10-02	4.0	0.0	4.0	0.23	0.443	0.852	0.0	0.203	-1.869	0.0535	0.578	170.127	1901793
1SC5rEoYDGUK4NfG82494W	MONTERO (Call Me By Your Name)	83	True	1	184	137704	['7jVv8c5Fj3E9VhNjxT4snq']	['Lil Nas X']	1	Solo	2021-09-17	8.0	0.0	4.0	0.293	0.593	0.503	0.0	0.405	-6.725	0.22	0.71	178.781	543122
5cFZNFr6cEYpUFn4N8BmZf	Феникс	27	False	1	0	229714	['40YXr3tdSqFv0kfmgjj8vP']	['ANNA ASTI']	1	Solo	2022-01-13	11.0	0.0	4.0	0.249	0.666	0.721	0.0	0.153	-7.944	0.0524	0.288	139.976	2001597
5XIQxHGp9glGY6LRKl0qth	На твиче	10	True	7	0	174545	['432rkAWvzoOEUgtN7UZfOj']	['нексюша']	1	Solo	2020-08-28	4.0	0.0	4.0	0.162	0.82	0.449	0.0	0.194	-13.968	0.0596	0.601	110.072	1602094
0Rq6JJwpZ9f1SU6Cfhgjv7	Arya (feat. A$AP Rocky)	59	True	1	184	162253	['13ubrt8QOOCPljQ2FL1Kca', '2rAnv6brcXaglLZBB4XXEn']	['A$AP Rocky', 'Nigo']	2	Collaboration	2022-01-28	7.0	1.0	4.0	0.0823	0.958	0.478	0.0	0.126	-7.669	0.192	0.379	120.042	40405
5L2qd1EBfNQJBW0FivYmXj	Loverboy	30	False	1	184	157059	['2eiThpX5zH6LFmqP2HY1hL']	['Дора']	1	Solo	2022-02-02	11.0	0.0	4.0	0.277	0.799	0.614	0.0	0.0722	-7.404	0.151	0.575	92.064	342791
3nhKaqLzFkGDkAEfb3XvZT	Жорики	38	True	1	184	156759	['3TikHXhctY4FUIMlkl0tzR']	['SODA LUV']	1	Solo	2022-01-28	10.0	1.0	4.0	0.122	0.69	0.685	0.0	0.199	-5.611	0.141	0.432	161.779	742036
2L2iWhBsyosVcxx36iurfa	1000-7	52	True	1	184	117356	['6PzEFDyksWekGikJc8M6Cr']	['fem.love']	1	Solo	2021-07-02	7.0	0.0	4.0	0.057	0.517	0.894	0.0	0.504	-4.801	0.0396	0.242	135.166	2741510
0sZ3fmbfUS5tMVzhXLXXPE	Я в моменте	57	False	1	184	126625	['7oxIi3tF8bOBxAcSixbojj', '3Vfd5HJnhjnvdyuQYHtYa2']	['Dzharakhov', 'Markul']	2	Collaboration	2021-06-03	9.0	0.0	4.0	0.412	0.821	0.511	4.49e-06	0.169	-9.634	0.164	0.501	143.022	149524
10byo8LbVkAaDgYxxiMcfT	ЧЕТЫРЕ	41	True	4	184	136774	['0ne2rg2JwZmIy7X1aVNq7y']	['163ONMYNECK']	1	Solo	2022-02-18	0.0	1.0	4.0	0.681	0.62	0.539	0.0	0.0794	-12.895	0.428	0.579	92.603	145710
52NKf6pVq2PZnPVUb2Hdgc	Вокзал	28	True	1	184	153850	['7oxIi3tF8bOBxAcSixbojj']	['Dzharakhov']	1	Solo	2022-02-11	7.0	0.0	4.0	0.17	0.822	0.5	0.0	0.0576	-4.856	0.0892	0.875	126.018	153559
3kjYpIynq7kPuuztXcegoX	ASTALAVISTALOVE	37	False	1	184	210588	['1pvmXh50KezixmCHnp9XvV']	['Zivert']	1	Solo	2022-02-04	0.0	1.0	4.0	0.146	0.844	0.561	3.4e-05	0.176	-7.725	0.346	0.26	101.998	20776
2am944KUlJJbeXQ4nm1ipw	24 на 7	56	False	1	184	189257	['2z20q6EEfm6w6PiIKsgtb3']	['FACE']	1	Solo	2017-11-18	6.0	1.0	1.0	0.602	0.565	0.481	0.0	0.124	-13.575	0.757	0.518	72.737	52951
5sJt5rmSaKTQyAymKx6e1W	Погоди	53	False	1	184	112682	['69PhufCTrndjECAUsBPFtw']	['DSPRITE']	1	Solo	2021-11-24	3.0	0.0	4.0	0.169	0.639	0.572	0.0	0.208	-10.713	0.0343	0.711	164.071	2196878
6GQFqCYz9zVWCg0pDdSSP1	Балконы	44	False	11	184	279691	['5meD8C7oGK5yUEY2T7ZZ7W']	['Max Korzh']	1	Solo	2021-12-17	6.0	0.0	4.0	0.539	0.648	0.506	0.0	0.295	-7.156	0.0494	0.682	124.977	270103
1cmIuauHOxvxzTCFXFnNRL	В диапазоне	54	False	8	184	331319	['47jBQjRmURjRn3XfLIaHvV']	['Pornofilmy']	1	Solo	2017-09-28	4.0	1.0	4.0	0.00034	0.486	0.907	0.000388	0.0768	-4.309	0.111	0.249	168.024	949650
5e7fNtCXTeQeJA6pzBbUmy	РОКФОР	30	True	21	184	140571	['0ne2rg2JwZmIy7X1aVNq7y', '4FZWv3PQuZ3v3f0YCSUnjK']	['163ONMYNECK', 'FOLKPRO']	2	Collaboration	2022-02-18	4.0	1.0	4.0	0.461	0.668	0.556	0.0	0.111	-9.127	0.428	0.218	139.513	25087
4stWOQpaEynPUlVAb4Jtw9	Тп на аме	58	True	1	184	155345	['5IS4dQ9lDW01IY1buR7bW7']	['СЕРЕГА ПИРАТ']	1	Solo	2021-09-24	1.0	1.0	4.0	0.0558	0.498	0.852	0.0	0.113	-4.374	0.0717	0.428	185.912	544681
0EDYTUzZPOcxUkki7HcHgV	Замигает свет	29	False	1	0	233816	['6ZABFsOXu6JmKCmmV0yauD']	['KENTUKKI']	1	Solo	2021-09-24	6.0	1.0	4.0	0.653	0.613	0.496	0.0039	0.359	-10.917	0.035	0.143	149.968	1889208
61Se5kNrWTWmCDaRpsFDjd	20К	46	True	1	184	133173	['6yjCoS6pGag1kk9xfsAzHc']	['Kush Lovers']	1	Solo	2019-07-31	8.0	0.0	4.0	0.17	0.81	0.682	0.0	0.29	-9.466	0.277	0.704	77.018	188802
2Z0OcpA4i1KayJbXn800le	Чистый - OST «Псих»	56	True	1	184	193746	['3vvLuXEEf7sl3izJcw0GIn']	['Skryptonite']	1	Solo	2020-12-10	1.0	0.0	4.0	0.292	0.573	0.441	0.0	0.217	-9.505	0.404	0.145	77.843	1294161
0mFPYrKpJbuRo0KOFrWVkT	Когда ты улыбаешься - Dневник Dжессики Remix	55	False	2	184	176776	['09ngiFxygJvQx1iENWJgNp', '6lsX0VfFRBgBbyyPhYWcP7']	['КИССКОЛД', 'Dневник Dжессики']	2	Collaboration	2021-02-05	5.0	0.0	4.0	0.0469	0.69	0.659	0.0	0.139	-6.455	0.0297	0.38	122.005	103819
79nEEoEPY2w8EXj9hjn5oc	Ginseng Strip 2002	3	True	2	0	153999	['67lytN32YpUxiSeWlKfHJ3']	['Yung Lean']	1	Solo	2013-08-16	1.0	1.0	4.0	0.0848	0.601	0.712	0.0	0.479	-9.433	0.0431	0.386	114.998	1294012
1HhNoOuqm1a5MXYEgAFl8o	Enemy (with JID) - from the series Arcane League of Legends	6	False	1	0	173381	['53XhwfbYqKCa1cC15pYq2q', '6U3ybJ9UHNKEdsH7ktGBZ7', '57nPqD7z62gDdq37US9XJR', '47mIJdHORyRerp4os813jD']	['Imagine Dragons', 'JID', 'Arcane', 'League of Legends']	4	Collaboration	2021-09-03	11.0	0.0	4.0	0.237	0.728	0.783	0.0	0.434	-4.424	0.266	0.555	77.011	1834825
0i8YObgqnjZYoYJOQbwLHq	Дом Периньон	58	True	1	184	174842	['0xByDfltDVpk6LDsUMHyI2', '0Cm90jv892OeEegB3ELmvN']	['Poshlaya Molly', 'Eldzhey']	2	Collaboration	2021-09-17	1.0	1.0	4.0	0.00505	0.731	0.734	1.25e-05	0.404	-7.693	0.035	0.751	124.957	2845472
2VghWPO0zXgTpKL7GyUGOD	Не такая, как все	39	False	1	184	167076	['4k0dbhJImJWSJf9PsH7H3z']	['DEAD BLONDE']	1	Solo	2022-02-11	5.0	0.0	4.0	0.00472	0.688	0.964	0.000125	0.24	-6.436	0.0383	0.678	130.011	59532
1nINIHobpPWexRP8ABH8bT	Нету интереса	30	True	1	0	184794	['0iWCupAJreesWuLo9wkpXt']	['10AGE']	1	Solo	2021-03-05	11.0	1.0	4.0	0.465	0.487	0.736	0.0	0.0791	-7.149	0.354	0.447	81.994	1833395
1pEJZXVtK3KLi3uIkiDbyn	паранойя	0	False	1	0	202182	['4t8lDh2zuWn1d9cyJQkESe', '6a1CGYBFAUrrWZvD2iSsEi']	['CMH', 'MUKKA']	2	Collaboration	2021-12-28	11.0	0.0	4.0	0.0464	0.652	0.854	0.0	0.814	-5.285	0.103	0.678	125.991	68985
67qZ7kBFpypXrJhL82kCDe	Маяк	0	False	1	0	153600	['7blTwZGiTplsvBEvYOsDot']	"[""Ramil'""]"	1	Solo	2022-01-28	4.0	0.0	4.0	0.654	0.65	0.508	2.35e-05	0.105	-8.78	0.0544	0.0712	100.041	409313
4qCkNfUHMaytUMZwsyiweL	sH1pu4Ka!	34	False	1	184	172769	['2u3ZpvdeLOLg3mIvQg0jZh']	['MAYBE BABY']	1	Solo	2022-02-11	11.0	1.0	4.0	0.169	0.667	0.723	3.22e-05	0.251	-4.626	0.139	0.641	185.259	501148
02MWAaffLxlfxAUY7c5dvx	Heat Waves	63	False	14	0	238805	['4yvcSjfu4PC0CYQyLy4wSq']	['Glass Animals']	1	Solo	2020-08-06	11.0	1.0	4.0	0.44	0.761	0.525	6.7e-06	0.0921	-6.9	0.0944	0.531	80.87	2029484
3OT5C10nU53DceMzR90dUf	Плакала	50	False	1	184	149327	['5uMClxnfkye15tg63lrwU8']	['Lesha Svik']	1	Solo	2022-01-07	1.0	0.0	4.0	0.516	0.606	0.735	1.28e-05	0.147	-5.645	0.114	0.595	144.787	1016350
6Ab81Bs9fcOwaTYuBsUUpI	Eazy	63	True	1	184	234288	['0NbfKEOTQCcwd6o7wSDOHI', '5K4W6rqBFWDnAN6FQUkS6x']	['The Game', 'Kanye West']	2	Collaboration	2022-01-15	1.0	1.0	4.0	0.167	0.716	0.551	0.0	0.197	-6.987	0.47	0.305	82.393	18329
5bA2HBafCfregvLZV4idXb	Домой	43	True	1	184	172137	['0XNKQFs2Ewb3y0VsFUFc5l']	['MORGENSHTERN']	1	Solo	2021-12-10	5.0	0.0	4.0	0.0126	0.76	0.56	2.99e-06	0.258	-6.737	0.0597	0.221	144.971	1686702
48fzAdCxamFYCHNXXLk6zn	showdown	62	True	1	184	120187	['0TO6y1x0LQodwBnxGtQu9o']	['shadowraze']	1	Solo	2022-03-04	6.0	1.0	4.0	0.0355	0.714	0.63	0.0294	0.0922	-11.098	0.129	0.378	114.945	4157949
1AMf9lmFOmLmb0e57QB78e	Барбисайз	44	False	1	184	184169	['2eiThpX5zH6LFmqP2HY1hL', '2u3ZpvdeLOLg3mIvQg0jZh']	['Дора', 'MAYBE BABY']	2	Collaboration	2021-12-14	1.0	1.0	4.0	0.299	0.787	0.669	0.0	0.114	-4.671	0.121	0.37	154.061	4711444
1LFJeE56wBhjFO8s9xvS7a	Дно	34	True	1	184	130285	['0ALLPLqDmLA94H96yx38R0']	['Лисса']	1	Solo	2022-01-19	1.0	1.0	4.0	0.118	0.645	0.755	0.0	0.611	-4.03	0.314	0.685	139.856	46080
5UtiZpBDi7Ikgic4QrhbO5	Чупа Чупс	14	False	1	0	136932	['0Cm90jv892OeEegB3ELmvN', '0xByDfltDVpk6LDsUMHyI2']	['Eldzhey', 'Poshlaya Molly']	2	Collaboration	2021-12-23	5.0	0.0	4.0	0.0102	0.785	0.697	0.0	0.082	-4.774	0.0645	0.579	141.954	408839
1OeGvzNcGC2s6F41lmCdjA	Кожура	56	False	6	184	143238	['3TKsiH74GWWw4OroAGoumg']	['OM.']	1	Solo	2021-11-19	0.0	1.0	4.0	0.451	0.851	0.655	0.000138	0.103	-8.551	0.425	0.407	144.541	4938930
7CAdT0HdiQNlt1C7xk2hep	Stay Alive (Prod. SUGA of BTS)	81	False	1	184	210928	['6HaGTQPmzraVmaVxvz6EUc']	['Jung Kook']	1	Solo	2022-02-11	2.0	0.0	4.0	0.299	0.512	0.76	0.0	0.103	-5.889	0.0682	0.495	130.096	1571568
1NhjYYcYTRywc0di98xHxf	Here We Go… Again (feat. Tyler, the Creator)	68	True	8	184	209777	['1Xyo4u8uXC1ZmMpatF05PJ', '4V8LLVI7PbaPR0K2TGSxFF']	['The Weeknd', 'Tyler, The Creator']	2	Collaboration	2022-01-06	1.0	1.0	4.0	0.345	0.469	0.623	0.0	0.588	-4.432	0.0302	0.198	134.943	45014
759ndr57jb0URg4j9YSWml	A Tale By Quincy	60	True	6	184	96232	['1Xyo4u8uXC1ZmMpatF05PJ']	['The Weeknd']	1	Solo	2022-01-06	5.0	0.0	3.0	0.679	0.447	0.513	2.98e-05	0.096	-8.67	0.127	0.572	67.289	22521
5O1Y35vDQQjCXTFo8BEBrr	Выпей меня	18	True	1	0	162870	['4ENNw1y7XuWPt7tvzoQ8Pz']	['Kambulat']	1	Solo	2022-02-04	4.0	0.0	4.0	0.29	0.793	0.486	0.0	0.267	-7.191	0.0796	0.335	109.982	1358259
5MAQgObkQo8YHICDRqdYcg	Cristal & МОЁТ (feat. SODA LUV & blago white & OG Buda & MAYOT) - Remix	50	True	1	184	219428	['0XNKQFs2Ewb3y0VsFUFc5l', '3TikHXhctY4FUIMlkl0tzR', '1H1zBr7TXFwTwsHU5kX9gW', '5UlVY7KwBwUPvHs1JtmUqy', '3KtiWEUyKC5lgHedcN6y6C']	['MORGENSHTERN', 'SODA LUV', 'OG Buda', 'blago white', 'MAYOT']	5	Collaboration	2021-05-14	5.0	0.0	4.0	0.339	0.841	0.432	0.0	0.164	-7.604	0.175	0.49	105.039	1467067
5VXf1XETOMtk0WZIT4Bw3M	Батареи	22	False	4	0	193253	['10oSboDn5ncLNjjFIgJXm6']	['Нервы']	1	Solo	2012-05-22	1.0	0.0	4.0	0.0978	0.569	0.736	0.0	0.443	-10.934	0.141	0.749	149.997	1727440
0bYg9bo50gSsH3LtXe2SQn	All I Want for Christmas Is You	68	False	2	184	241106	['4iHNK0tOyZPYnBU7nGAgpQ']	['Mariah Carey']	1	Solo	1994-10-28	7.0	1.0	4.0	0.164	0.336	0.627	0.0	0.0708	-7.463	0.0384	0.35	150.273	24275
7pHQzPPLj0MgGPoInmT3cp	СЭККС	0	False	6	0	140624	['5A9NWhs9ydYZPGgvcWI8Ms']	['LOVV66']	1	Solo	2021-11-26	5.0	1.0	4.0	0.00244	0.757	0.635	0.0	0.0749	-7.643	0.0319	0.368	127.93	1703544
7FuvJwX4VDPE0bAIq9tfbP	Ламбада	61	True	1	184	198124	['01lZudgXsojt5TBHuygB8r', '3vvLuXEEf7sl3izJcw0GIn']	['T-Fest', 'Skryptonite']	2	Collaboration	2017-03-08	2.0	1.0	4.0	0.0262	0.782	0.532	0.0	0.138	-7.187	0.2	0.185	95.999	15293
45jJ6Q9LYboGyjH0vuOhM2	Cristal & МОЁТ	61	True	1	184	137142	['0XNKQFs2Ewb3y0VsFUFc5l']	['MORGENSHTERN']	1	Solo	2020-12-28	5.0	0.0	4.0	0.224	0.724	0.373	0.00964	0.173	-7.341	0.29	0.499	209.91	89609
6nqdgUTiWt4JbABDurkxMI	Sahara	81	True	1	184	171384	['0snouHYzOWSgxRBYMQsa3H']	['Hensonn']	1	Solo	2021-11-16	2.0	1.0	4.0	0.146	0.615	0.521	0.772	0.11	-9.488	0.0318	0.045	115.016	1020301
4d6NeXN2p9RMeXIABr8S2e	КОММЕРЦИЯ	34	True	18	184	174750	['0ne2rg2JwZmIy7X1aVNq7y']	['163ONMYNECK']	1	Solo	2022-02-18	2.0	1.0	4.0	0.154	0.774	0.497	6.25e-06	0.0983	-10.454	0.358	0.421	159.994	30307
2qFbvcFsaL7Fgk7o2X4Drf	Гостиница Космос	52	True	2	184	141031	['16ZNqMkDZrzd8fTXeN2kUH']	['Mnogoznaal']	1	Solo	2018-01-18	1.0	1.0	4.0	0.242	0.635	0.911	0.00325	0.694	-4.682	0.11	0.382	149.93	261217
0YMRW5mlu9bUCWeRMZfB32	Буревестник	53	True	1	184	246545	['0hmUwzWBrPHpGWGrYH05c3']	['Miyagi & Andy Panda']	1	Solo	2022-01-07	8.0	1.0	4.0	0.0319	0.746	0.645	0.000618	0.155	-8.497	0.164	0.492	110.015	3848141
41bGn6u78I8eNZg86tx3vp	Москва любит...	59	True	2	184	205676	['3vvLuXEEf7sl3izJcw0GIn']	['Skryptonite']	1	Solo	2020-01-28	2.0	1.0	4.0	0.0484	0.741	0.459	0.00289	0.293	-9.046	0.157	0.125	76.996	1686185
3F3bEnE5mney9PyuFU7LS8	Миллионы	46	True	1	0	128800	['3pONzjQKqFrh3zTQBTMeWd']	['THRILL PILL']	1	Solo	2021-04-16	10.0	0.0	4.0	0.108	0.647	0.655	2.84e-05	0.393	-8.031	0.148	0.619	150.138	1625663
1Kp2TF4fFYjJPqEMf1U0RK	Вина (feat. 17 SEVENTEEN)	0	True	1	0	166956	['1H1zBr7TXFwTwsHU5kX9gW', '3KtiWEUyKC5lgHedcN6y6C', '496nklFjflGjJOhhfhH2Nc']	['OG Buda', 'MAYOT', '17 SEVENTEEN']	3	Collaboration	2021-12-17	8.0	1.0	4.0	0.399	0.735	0.649	1.31e-05	0.104	-11.643	0.0745	0.329	92.005	3774389
6bqT9F2wP82zkBqMpIz0G5	Азбука	46	False	4	184	127058	['7dH8w9flSy9w81ilr0xXWe', '1ju3JsvJuNAMjxoIqaSP7R']	['Boulevard Depo', 'SP4K']	2	Collaboration	2021-12-10	2.0	1.0	4.0	0.131	0.767	0.628	0.0	0.562	-8.843	0.0776	0.0781	102.017	812657
5shMiLCYjeNGe1WKikPg6T	Ride Or Die	0	True	14	0	183960	['5NMwoStnfHT4LdETlJSwDT', '5NipqMGsY4AUeb7kGT8aVz']	['Big Baby Tape', 'kizaru']	2	Collaboration	2021-10-22	2.0	1.0	4.0	0.105	0.7	0.711	4.57e-05	0.183	-5.987	0.317	0.755	90.1	782194
79hOg2OcECgvRGGeX0XJuZ	Акид	45	True	1	184	161008	['1F8usyx5PbYGWxf0bwdXwA', '16ZNqMkDZrzd8fTXeN2kUH']	['PHARAOH', 'Mnogoznaal']	2	Collaboration	2021-12-17	8.0	1.0	4.0	0.0154	0.882	0.654	2.18e-05	0.114	-5.766	0.279	0.308	133.039	1091615
7MFI98TZd2HekdIDJAHASn	ПЕРЕВЕС	53	True	13	184	137142	['0ne2rg2JwZmIy7X1aVNq7y', '2ngiK5FQchV4i7eOyXOXKt']	['163ONMYNECK', 'SEEMEE']	2	Collaboration	2022-02-18	1.0	1.0	4.0	0.00593	0.859	0.667	0.0	0.132	-8.522	0.0824	0.333	105.027	209213
3QxOyYp44vD7hkoOr5oslj	Червь / Worm	46	False	1	184	174782	['3luonLzvSOxdU8ytCaEIK8', '526TMJFuJibm9j2p9td9Yp']	['IC3PEAK', 'Kim Dracula']	2	Collaboration	2022-02-04	9.0	0.0	4.0	0.0148	0.509	0.518	0.107	0.382	-11.333	0.0694	0.184	184.069	24071
13plTOJUDmgBrTEd7yzTgq	Cowboys Don’t Cry	0	False	1	1	189969	['6TLwD7HPWuiOzvXEa3oCNe']	['Oliver Tree']	1	Solo	2022-01-12	8.0	1.0	4.0	0.217	0.608	0.638	0.0	0.324	-7.215	0.0561	0.457	87.956	21227
30bqVoKjX479ab90a8Pafp	Star Shopping	12	True	1	0	142000	['2kCcBybjl3SAtIcwdWpUe3']	['Lil Peep']	1	Solo	2015	4.0	0.0	4.0	0.0967	0.585	0.471	0.0184	0.115	-9.934	0.0616	0.323	93.099	1017009
3zpGLSQ8QbbUnNjweWPLMD	Doja	63	True	1	183	171453	['5IbEL2xjRtKsunfmsahLuO', '13ubrt8QOOCPljQ2FL1Kca']	['$NOT', 'A$AP Rocky']	2	Collaboration	2022-02-04	11.0	0.0	4.0	0.0725	0.753	0.777	0.000714	0.125	-5.701	0.32	0.669	157.148	153806
7lOvJBqH38ZY59eLU7bioq	all I want is you	77	True	1	184	151415	['7GcVOOrldYLwxGrCkELOno', '0LWHFUzXPTl9BDdJHDE001']	['Rebzyyx', 'hoshie star']	2	Collaboration	2021-02-09	11.0	1.0	4.0	0.112	0.46	0.999	0.0	0.245	-1.307	0.325	0.779	145.911	1379632
1AbuUhtugvlVM4N6EZUjyz	ты похож на кота	53	False	1	184	191947	['260kWe4y9lg7YFDsZBgsLv']	['zhanulka']	1	Solo	2019-12-31	1.0	0.0	4.0	0.982	0.605	0.133	0.0	0.12	-15.334	0.0633	0.297	123.125	1061007
57XjYBaK1qTwO7SG46gfGm	20	51	False	1	184	164137	['5VKufGMVAZ6fs111xYNKnU']	['MACAN']	1	Solo	2022-01-06	8.0	1.0	4.0	0.416	0.728	0.609	0.0	0.0588	-5.041	0.226	0.895	86.993	598080
5gJt35SlEd1j18PV4A6PCr	Просто друг	29	False	1	184	133038	['7oxIi3tF8bOBxAcSixbojj', '5XlRMlNz1qsrGJGankFMcy']	['Dzharakhov', 'Stas Kostyushkin']	2	Collaboration	2022-01-21	2.0	1.0	4.0	0.036	0.839	0.848	1.69e-05	0.102	-6.563	0.113	0.845	135.032	125487
7vfWiNojqSxwOgcRR4hVo5	Спать	19	True	1	0	123000	['496nklFjflGjJOhhfhH2Nc', '2IGZnq5Ot1NquCpks3zO4o']	['17 SEVENTEEN', 'Sqwore']	2	Collaboration	2022-01-20	0.0	1.0	4.0	0.00138	0.466	0.948	2.93e-05	0.317	-3.887	0.0954	0.554	160.174	410245
7aeleTqgkiIZLitnXp9NMl	Angry toy$ - Prod. Ray Qwa	56	True	4	184	126545	['7dH8w9flSy9w81ilr0xXWe']	['Boulevard Depo']	1	Solo	2020-05-29	1.0	1.0	3.0	0.776	0.823	0.46	0.0483	0.143	-10.14	0.129	0.179	109.987	131135
3auzaPW4fXa8oI4KbTalAU	psiblades	59	True	1	184	131595	['0TO6y1x0LQodwBnxGtQu9o', '7tKvlpqru29X8gAwQ4aP0F']	['shadowraze', 'babyswishh1']	2	Collaboration	2021-09-30	0.0	1.0	4.0	0.193	0.472	0.808	0.0	0.104	-8.266	0.0767	0.577	175.72	3642690
4Ul7JeHlMeM31f7zJMPRbc	ТОЖЕ	38	True	15	184	148453	['0ne2rg2JwZmIy7X1aVNq7y', '1H1zBr7TXFwTwsHU5kX9gW']	['163ONMYNECK', 'OG Buda']	2	Collaboration	2022-02-18	4.0	0.0	5.0	0.114	0.735	0.558	5.84e-05	0.141	-8.834	0.28	0.427	129.149	85739
5TXDeTFVRVY7Cvt0Dw4vWW	Revenge	89	True	5	184	120026	['15UsOTVnJzReFVN1VCnxy4']	['XXXTENTACION']	1	Solo	2017-08-25	11.0	0.0	4.0	0.782	0.746	0.251	0.00203	0.106	-16.169	0.259	0.18	139.999	239528
0xExWKTHTfFivn9l3VaMu1	КОСТЬ	37	True	14	184	194042	['0ne2rg2JwZmIy7X1aVNq7y']	['163ONMYNECK']	1	Solo	2022-02-18	2.0	0.0	4.0	0.102	0.706	0.505	0.0	0.458	-9.991	0.327	0.186	93.972	57634
6wD86mo1HN24MDlK8JR5ou	Обычный парень (feat. Ivanzolo2004)	29	False	1	184	106285	['2TaI860P5qyn702NYQy7AP', '3ofBMYovLV5vmKWNnYkie9']	['Nekoglai', 'ivanzolo2004']	2	Collaboration	2022-02-11	1.0	1.0	4.0	0.0353	0.912	0.839	0.0	0.148	-6.11	0.259	0.383	140.006	53324
77B4S4jkrAkL3Ng5hEHoUU	МАЛИНОВАЯ ЛАДА	57	False	1	184	213124	['0xTdDjeCoM89b7n9fLcZvR']	['GAYAZOV$ BROTHER$']	1	Solo	2021-10-22	4.0	0.0	4.0	0.0567	0.762	0.883	0.0	0.226	-4.613	0.0408	0.82	117.012	6568511
2ZTJxMmPZizet6NSJmSezo	Снова обогнал их	57	True	1	184	125538	['3I9Bd4StaxvFWPG9AAjlrO']	['uglystephan']	1	Solo	2021-09-03	3.0	1.0	4.0	0.0232	0.657	0.595	4.67e-05	0.112	-7.649	0.0377	0.0586	77.488	1893972
16AzcbKli3UQsxj491hJLQ	Bandana	1	True	10	0	151456	['5NMwoStnfHT4LdETlJSwDT', '5NipqMGsY4AUeb7kGT8aVz']	['Big Baby Tape', 'kizaru']	2	Collaboration	2021-10-22	5.0	1.0	4.0	0.00654	0.747	0.577	0.0412	0.167	-6.46	0.0336	0.346	102.993	4791629
40C2QF0UDxmUIugOiGR63c	Семь семь	41	True	2	184	100516	['5tCTGzOVhizDqFyDcy71L4', '6h0057xI3AF9LCA7a9x6HS']	['Slattcrank', 'LUCIE']	2	Collaboration	2022-01-21	6.0	0.0	4.0	0.0793	0.885	0.623	0.0	0.074	-4.869	0.092	0.54	155.002	621748
7K0YWcVSyaMN4TaLw2Icd4	Гармония	57	False	1	184	174736	['4ywf1iH1ruKEcfpCgfJvyA']	['Artik & Asti']	1	Solo	2022-01-21	7.0	1.0	3.0	0.303	0.764	0.725	0.0	0.176	-5.003	0.071	0.472	114.04	2143229
5Z9KJZvQzH6PFmb8SNkxuk	INDUSTRY BABY (feat. Jack Harlow)	81	True	3	184	212352	['7jVv8c5Fj3E9VhNjxT4snq', '2LIk90788K0zvyj2JJVwkJ']	['Lil Nas X', 'Jack Harlow']	2	Collaboration	2021-09-17	10.0	0.0	4.0	0.0221	0.741	0.691	0.0	0.0476	-7.395	0.0672	0.892	150.087	2230169
3VeWIV9WTXUl8PcOusFjYv	Я уёбываю в джаз	2	True	1	0	144923	['44L2bdEufrpXM5S7yn30JJ']	['Кишлак']	1	Solo	2021-10-01	8.0	1.0	4.0	0.207	0.65	0.477	0.0	0.588	-5.944	0.144	0.437	135.419	1678900
7kSNZMesqDe9FEpteAUJaM	БЕЗ СТРОК	42	True	16	184	150315	['0ne2rg2JwZmIy7X1aVNq7y', '0Rb1j4P056IYg6ncXqslRr']	['163ONMYNECK', 'DooMee']	2	Collaboration	2022-02-18	2.0	1.0	4.0	0.314	0.501	0.59	0.0	0.276	-8.938	0.176	0.401	94.986	32019
4Wlqtlrx5oMGLQTDMkVPTM	БИЗНЕС ВУМЕН	43	False	1	184	167123	['55jryyk7RhvMbrvoF0ndBh', '5B5qmrbTFvA7TAxWruuwbo']	['SLAVA MARLOW', 'Aarne']	2	Collaboration	2021-10-20	4.0	0.0	4.0	0.0565	0.928	0.458	0.0	0.129	-6.441	0.0701	0.479	96.991	84753
7j6eSKC2Hv3lcElPyR1bP3	баночка с окурками	25	True	2	0	162809	['2rRyviUwWAHYmzyVzmXWpZ']	['КОСМОНАВТОВ НЕТ']	1	Solo	2020-10-16	10.0	1.0	4.0	0.0552	0.4	0.878	0.0167	0.32	-6.793	0.313	0.505	180.037	5482965
3YFnfm9z8RmPFIZ7C16u4e	Doja	65	True	2	183	171453	['5IbEL2xjRtKsunfmsahLuO', '13ubrt8QOOCPljQ2FL1Kca']	['$NOT', 'A$AP Rocky']	2	Collaboration	2022-02-11	11.0	0.0	4.0	0.0725	0.753	0.777	0.000714	0.125	-5.701	0.32	0.669	157.148	93456
6oi5b59yCSe1gPvDnPyBYp	БЕСЕДА	49	True	7	184	148453	['0ne2rg2JwZmIy7X1aVNq7y', '1nnaE1FllcW0TlDdPVmdPg']	['163ONMYNECK', 'Scally Milano']	2	Collaboration	2022-02-18	9.0	1.0	5.0	0.129	0.668	0.482	0.0	0.106	-8.538	0.323	0.416	128.485	146059
2D4dV2KXDTszzJ3p3cFqhA	Less Than Zero	80	False	15	184	211814	['1Xyo4u8uXC1ZmMpatF05PJ']	['The Weeknd']	1	Solo	2022-01-06	0.0	1.0	4.0	0.00096	0.535	0.791	0.000155	0.0788	-5.55	0.0327	0.5	142.981	39281
3oIvvpkmjxdzd7NYNg5fxm	ВЫКЛЮЧАТЕЛЬ	53	True	11	184	94829	['0ne2rg2JwZmIy7X1aVNq7y']	['163ONMYNECK']	1	Solo	2022-02-18	1.0	1.0	4.0	0.0242	0.683	0.797	0.0	0.421	-6.495	0.155	0.39	102.726	1180209
2MdloxY70RQRuhtfXIzdWJ	Меня не будет	52	False	3	184	253598	['4uWhcZCwuPopf6JGvwsN2B', '07tFgedhta5b5WaF0Yj4bH']	['ANIKV', 'SALUKI']	2	Collaboration	2020-05-15	4.0	0.0	4.0	0.393	0.761	0.408	0.000798	0.123	-11.306	0.0732	0.302	106.99	73973
3MfoVUFEXWX6bxbACLVZEG	ГАНЬГ Аутро (feat. Bushido Zho, Scally Milano, MAYOT, Magnum Opus, SEEMEE, YUNGWAY)	0	True	14	0	105600	['1H1zBr7TXFwTwsHU5kX9gW', '27kGBCjiz5OXojkKX4xQ6R', '1nnaE1FllcW0TlDdPVmdPg', '3KtiWEUyKC5lgHedcN6y6C', '0WCOJtjn0LNnc0pLh2S6gu', '2ngiK5FQchV4i7eOyXOXKt', '69S11q66dsnK9gQUQo68IZ']	['OG Buda', 'BUSHIDO ZHO', 'Scally Milano', 'MAYOT', 'Magnum Opus', 'SEEMEE', 'YUNGWAY']	7	Collaboration	2021-04-30	1.0	1.0	4.0	0.093	0.729	0.723	0.0	0.081	-7.374	0.0431	0.295	100.094	238680
3uCth4TIWyeQDnj3YbAVQB	Патрон	65	False	1	184	225000	['0hmUwzWBrPHpGWGrYH05c3']	['Miyagi & Andy Panda']	1	Solo	2021-04-02	3.0	0.0	4.0	0.656	0.642	0.449	1.91e-05	0.107	-8.502	0.0706	0.328	88.039	2494439
1jTOAjaP3OU6GrPURluA0s	мазохизм	39	False	1	184	202489	['1YMUxFiaKsU85N9YolW0W9']	['вышел покурить']	1	Solo	2022-01-28	1.0	0.0	4.0	0.49	0.731	0.419	0.0	0.0992	-9.839	0.273	0.268	145.912	75816
0m2GGIVcV80IfKDg1oCULj	Никто	54	False	1	184	155705	['0ep4meZkkWo1UGzm1XhKFV']	['NЮ']	1	Solo	2021-11-08	11.0	0.0	4.0	0.583	0.738	0.578	0.0	0.12	-5.886	0.073	0.366	80.0	1371864
4ZOjdqmXLuwHDQUn9WWoFR	Зелёный глаз	50	True	1	184	114172	['78DVZhmskTStTuRbTMHO7A']	['Минин']	1	Solo	2022-02-11	4.0	0.0	4.0	0.622	0.777	0.415	0.0	0.102	-11.403	0.0767	0.271	134.955	781076
5PjdY0CKGZdEuoNab3yDmX	STAY (with Justin Bieber)	35	True	3	0	141805	['2tIP7SsRs7vjIcLrU85W8J', '1uNFoZAHBGtllmzznpCI3s']	['The Kid LAROI', 'Justin Bieber']	2	Collaboration	2021-07-23	1.0	1.0	4.0	0.0383	0.591	0.764	0.0	0.103	-5.484	0.0483	0.478	169.928	2728098
1pA2xy2nV5JjIjJxe5mhZE	За цвет голубых очей (Remix)	46	False	1	184	98012	['3CZ6FxLtgdyxJgMufi2M8w']	['Adecvat_production']	1	Solo	2022-02-28	2.0	0.0	5.0	0.275	0.888	0.571	1.67e-05	0.11	-5.314	0.108	0.0517	114.81	346307
4G4Nxu6AtSSEP68n3yUksh	ЗДРАВСТВУЙТЕ (feat. OG Buda)	53	True	2	184	136880	['2KoLmBXwsgMkfAvoPBlPmb', '1H1zBr7TXFwTwsHU5kX9gW']	['Egor Kreed', 'OG Buda']	2	Collaboration	2021-07-15	10.0	0.0	4.0	0.281	0.729	0.561	0.0	0.102	-6.947	0.215	0.501	129.968	15296
71hUNAiuvPyzaQGVYQtqlF	Fire Man	62	True	5	184	217442	['6L5bLEtpxwd0KOdOr3gtW4']	['MiyaGi & Endspiel']	1	Solo	2018-07-20	4.0	0.0	4.0	0.196	0.586	0.874	0.0	0.0974	-7.264	0.0362	0.912	90.027	1378223
1r9xUipOqoNwggBpENDsvJ	Enemy (with JID) - from the series Arcane League of Legends	84	False	1	184	173381	['53XhwfbYqKCa1cC15pYq2q', '6U3ybJ9UHNKEdsH7ktGBZ7', '57nPqD7z62gDdq37US9XJR', '47mIJdHORyRerp4os813jD']	['Imagine Dragons', 'JID', 'Arcane', 'League of Legends']	4	Collaboration	2021-10-28	11.0	0.0	4.0	0.237	0.728	0.783	0.0	0.434	-4.424	0.266	0.555	77.011	1841350
5VIR1O2q6JhcugcuOeYpO8	Internal	0	False	1	0	100780	['5rfZwd1LcOIodLysmqlXGK']	['Rogue Dave']	1	Solo	2022-01-04	8.0	1.0	4.0	0.289	0.524	0.684	0.095	0.125	-9.225	0.328	0.0491	95.984	673389
3FQOmo61pO1ZnBT26d6WLQ	VAMPIR (feat. Oli Sykes of Bring Me The Horizon)	53	True	1	184	143551	['3luonLzvSOxdU8ytCaEIK8', '1UXEXWWOTTZNlyFapwHDbW', '1Ffb6ejR6Fe5IamqA5oRUF']	['IC3PEAK', 'Oli Sykes', 'Bring Me The Horizon']	3	Collaboration	2021-12-10	11.0	1.0	4.0	0.00251	0.674	0.704	0.000352	0.073	-9.768	0.0402	0.342	107.023	828027
5BqIzzFFOsLfOEjO7VnteO	wipe your feet	22	False	1	184	226153	['6a5dhhVg61QjA7kMDLFSqt', '4h8pGxEIOi7j4me1yhYxlD']	['Овсянкин', 'LSP']	2	Collaboration	2022-01-28	11.0	1.0	4.0	0.781	0.721	0.548	2.06e-05	0.111	-7.191	0.194	0.384	129.953	31177
26Wi8P1wIM3JQFxRRErnvt	CUM	58	True	1	184	176840	['0RSogp4qeGu0ZM71JRTay3']	['WHOKILLEDXIX']	1	Solo	2021-11-12	10.0	0.0	4.0	0.0142	0.727	0.707	0.000321	0.229	-8.001	0.121	0.666	136.046	70297
0OQf2nxEo29HqO4iUuHCov	вопрос	55	True	4	184	144004	['1YMUxFiaKsU85N9YolW0W9']	['вышел покурить']	1	Solo	2019-07-05	2.0	1.0	4.0	0.515	0.648	0.547	0.37	0.201	-9.302	0.0591	0.558	79.999	171149
1AuvZZkmzlsArfACRNk97B	Monday	55	False	1	184	168882	['1WAB4gjjNfQpAgT5SoAbRE']	['ROCKET']	1	Solo	2020-10-21	8.0	1.0	4.0	0.102	0.541	0.547	0.0	0.118	-6.9	0.246	0.315	83.126	743370
70IFNhUiuZohVFIQLFmgDY	макинтош бизнес онли	39	True	1	184	112653	['27kGBCjiz5OXojkKX4xQ6R']	['BUSHIDO ZHO']	1	Solo	2022-01-28	9.0	1.0	4.0	0.156	0.791	0.571	0.0	0.283	-8.681	0.183	0.437	98.035	1746150
0xEET0hVtwAEI5iVMWmD5C	shadowfiend	55	True	1	184	143708	['0TO6y1x0LQodwBnxGtQu9o']	['shadowraze']	1	Solo	2020-09-30	10.0	0.0	5.0	0.0516	0.634	0.797	0.45	0.105	-6.349	0.0761	0.664	177.96	4437939
0cXmD7OpJfjmKP7zlrMQHS	спать с тобой	37	True	1	0	132697	['5YCDUM10Wdtwa9yHr8wlcM']	['хочуспать']	1	Solo	2020-04-15	5.0	0.0	4.0	0.0606	0.786	0.905	1.14e-06	0.46	-4.046	0.274	0.657	129.951	1135846
1GOiMxQXZUzjzH0Sxpck0B	Дежавю	1	True	1	0	173725	['5NipqMGsY4AUeb7kGT8aVz']	['kizaru']	1	Solo	2019-08-15	2.0	1.0	4.0	0.0186	0.801	0.591	0.0	0.108	-5.18	0.143	0.231	87.509	2581889
2BuT8Njor0vbZul2TfCoSP	WARLORD	19	True	1	1	122538	['7kB4F3PktJEy9jbwI6ujjZ']	['Джизус']	1	Solo	2022-01-28	6.0	0.0	5.0	0.131	0.838	0.636	0.0	0.122	-6.546	0.101	0.634	86.708	240660
0XvDZGVqGYM7P4rgzRnWhq	Take My Breath	39	False	4	184	339023	['1Xyo4u8uXC1ZmMpatF05PJ']	['The Weeknd']	1	Solo	2022-01-07	8.0	1.0	4.0	0.0128	0.698	0.769	0.00166	0.238	-7.154	0.0368	0.354	121.02	28562
4KmqPg8BC5pauAEV8vdbkn	ты похож на кота (remaster)	44	False	1	184	200161	['260kWe4y9lg7YFDsZBgsLv']	['zhanulka']	1	Solo	2021-11-05	11.0	1.0	4.0	0.896	0.727	0.265	0.0	0.102	-9.933	0.0358	0.222	124.979	292156
1vLBDj2hhzAVskV5OUQ5d2	Лифон	0	False	1	0	150000	['0NhjeTa9uSqiD1wEG3gfII', '0kD3TUffiD0sPxGwygzjg7', '3r1Md7Hk5iqtpyEoGo8032', '0XBTE6PRvo41LSvLffWItA']	['uniqe', 'nkeeei', 'ARTEM SHILOVETS', 'SAGARA']	4	Collaboration	2021-11-26	1.0	1.0	4.0	0.661	0.914	0.52	0.0	0.108	-7.272	0.371	0.223	99.934	3202513
0r9fpWPI6z3V3YZXIiVaNC	99 Problems	3	True	1	0	159100	['5NMwoStnfHT4LdETlJSwDT', '5NipqMGsY4AUeb7kGT8aVz']	['Big Baby Tape', 'kizaru']	2	Collaboration	2021-10-22	9.0	1.0	4.0	0.0196	0.949	0.452	0.00351	0.0655	-9.253	0.0973	0.184	100.044	5601446
0zCgWGmDF0aih5qexATyBn	After Dark	15	False	9	0	257147	['0pWwt5vGNzezEhfAcc420Y']	['Mr.Kitty']	1	Solo	2014-08-08	8.0	1.0	4.0	0.0673	0.579	0.601	0.414	0.0778	-10.492	0.0322	0.0392	140.019	2710857
4JeNXh6si2MXjZE1LAuNp4	Слёзы	0	True	3	0	157500	['44L2bdEufrpXM5S7yn30JJ']	['Кишлак']	1	Solo	2022-03-04	3.0	1.0	4.0	0.48	0.654	0.819	0.0	0.108	-5.305	0.032	0.698	80.025	20715
1L9gE6FdNtPSSTEk9sepcu	airdrop	23	False	1	0	126593	['5YCDUM10Wdtwa9yHr8wlcM', '2rRyviUwWAHYmzyVzmXWpZ']	['хочуспать', 'КОСМОНАВТОВ НЕТ']	2	Collaboration	2022-01-21	8.0	1.0	4.0	0.0438	0.544	0.625	0.0	0.761	-6.942	0.25	0.665	90.848	93886
6Abmb1Nh7Bc5U6o4iEgSDH	Птичка	60	False	1	184	190588	['6o7TsOGOEF5Mqpiz2KCyWE']	['HammAli & Navai']	1	Solo	2021-05-17	7.0	0.0	4.0	0.508	0.74	0.577	7.09e-06	0.104	-7.947	0.252	0.17	124.024	354274
6RmlamfS2Supq8wARlY0QQ	Ау	64	False	1	184	180821	['0iWCupAJreesWuLo9wkpXt', '7blTwZGiTplsvBEvYOsDot']	"['10AGE', ""Ramil'""]"	2	Collaboration	2019-03-21	10.0	0.0	4.0	0.691	0.717	0.431	0.00044	0.102	-10.146	0.264	0.277	146.07	1413520
0wZu7Wj1upOVInn7lChgnK	Удачи (feat. Boulevard Depo & TVETH)	29	False	1	184	186021	['6f0OsZOsyTW71NZYkRbWKl', '7dH8w9flSy9w81ilr0xXWe', '1ErDfqRJ7wjrkm7Qpsnrmz']	['Basic Boy', 'Boulevard Depo', 'TVETH']	3	Collaboration	2022-01-21	0.0	0.0	4.0	0.0268	0.649	0.62	3.17e-05	0.315	-6.176	0.0495	0.207	135.949	406138
7qQ6u1BXb0lys5vuVZkj2h	Там ревели горы	63	True	8	184	176874	['0hmUwzWBrPHpGWGrYH05c3']	['Miyagi & Andy Panda']	1	Solo	2020-07-17	7.0	1.0	4.0	0.349	0.559	0.84	0.0	0.217	-5.799	0.174	0.716	76.831	36018
2SLwbpExuoBDZBpjfefCtV	Out of Time	83	False	7	184	214193	['1Xyo4u8uXC1ZmMpatF05PJ']	['The Weeknd']	1	Solo	2022-01-06	0.0	0.0	4.0	0.255	0.65	0.76	0.0	0.339	-4.422	0.0446	0.838	93.057	84884
4vPOGPHcjxdHZ1caxiHiQh	I Got Love	0	False	1	0	276687	['6L5bLEtpxwd0KOdOr3gtW4', '2R1OELuSJzXjRm8lc8FjPC']	['MiyaGi & Endspiel', 'Rem Digga']	2	Collaboration	2016-09-01	5.0	1.0	4.0	0.144	0.666	0.872	0.0	0.15	-4.361	0.195	0.233	106.003	345057
393CkUgYBG7l3hZKvZZmdf	Перезаряжай	59	False	2	184	190560	['5q1NzLZwErZ9ujzqZKL0YZ']	['Три дня дождя']	1	Solo	2021-06-04	1.0	0.0	4.0	0.0538	0.577	0.91	0.000234	0.36	-4.514	0.06	0.272	125.121	1715877
4CeBKWWLXMrQMFsP0Q0K3V	Kosandra	68	True	1	184	221378	['0hmUwzWBrPHpGWGrYH05c3']	['Miyagi & Andy Panda']	1	Solo	2020-02-14	4.0	0.0	4.0	0.583	0.596	0.738	0.0	0.118	-9.567	0.231	0.164	141.91	1496489
0AN4dFFufs7QnzDZbMyR9f	Холодно	36	False	1	0	147338	['5SQooyFMzbU4wr1Nk3Qr0J']	['Chris Yank']	1	Solo	2021-12-20	10.0	1.0	4.0	0.00534	0.822	0.783	0.0	0.179	-6.59	0.0528	0.329	119.998	677963
47iHvzU9Po0e6raFlgLBOF	astral step	61	True	1	184	121159	['0TO6y1x0LQodwBnxGtQu9o']	['shadowraze']	1	Solo	2021-10-29	7.0	1.0	4.0	0.0131	0.795	0.624	0.0	0.102	-7.245	0.292	0.693	95.018	10087318
1juAqcNtCrQJAj7fuj08wS	Где ты	59	False	10	184	142934	['5q1NzLZwErZ9ujzqZKL0YZ']	['Три дня дождя']	1	Solo	2021-06-04	1.0	0.0	4.0	0.0185	0.503	0.679	0.00638	0.0927	-5.066	0.0319	0.321	119.084	60110
3KGyzyAIUPP6wLXc7NhtrH	Хоп-механика	49	True	1	184	138047	['1gCOYbJNUa1LBVO5rlx0jB']	['Oxxxymiron']	1	Solo	2021-12-01	5.0	0.0	4.0	0.0708	0.622	0.869	0.0	0.0936	-5.376	0.433	0.238	91.193	418396
6bxKECVRnkLmtpeU22Ve9p	help_urself	72	False	5	184	139651	['4qUoZ6ErhTYFhAI0W1iI9q']	['Ezekiel']	1	Solo	2021-08-11	11.0	1.0	4.0	0.00859	0.413	0.624	0.0178	0.132	-10.353	0.0682	0.0814	82.516	122350
10hMM5nsZQf66ldBlgWBfG	All For Us - from the HBO Original Series Euphoria	78	False	1	184	192986	['2feDdbD5araYcm6JhFHHw7', '6sCbFbEjbYepqswM1vWjjs']	['Labrinth', 'Zendaya']	2	Collaboration	2019-08-04	3.0	1.0	4.0	0.0165	0.348	0.652	0.000264	0.33	-7.145	0.0931	0.172	70.956	38688
1GTyZID5IGOXOAUoQkVlWo	На чиле (feat. Егор Крид, The Limba, blago white, OG Buda, Тимати, SODA LUV, Гуф)	0	True	1	0	341463	['5W7N6u4EjCEMKj7bDyzPEC', '2KoLmBXwsgMkfAvoPBlPmb', '7LdZqOf4uMeA5vzlI0oza7', '5UlVY7KwBwUPvHs1JtmUqy', '1H1zBr7TXFwTwsHU5kX9gW', '3oLccEy7y6zTe1gCFHxuWr', '3TikHXhctY4FUIMlkl0tzR', '0ckaGCiNtaERUTBJaOWZLH']	['Geegun', 'Egor Kreed', 'The Limba', 'blago white', 'OG Buda', 'Timati', 'SODA LUV', 'Гуф']	8	Collaboration	2021-07-27	4.0	0.0	4.0	0.192	0.86	0.593	0.0	0.372	-7.914	0.375	0.565	123.245	50132
2UxHaQdCaLxLMsVWOHg72M	тпм	16	False	4	0	82695	['2rRyviUwWAHYmzyVzmXWpZ']	['КОСМОНАВТОВ НЕТ']	1	Solo	2020-10-16	7.0	1.0	4.0	0.866	0.774	0.293	0.0307	0.136	-12.824	0.0472	0.556	140.149	1471589
1P9oRiZJWnxe2pZmYUZ5eC	Это любовь	65	True	18	184	279250	['3vvLuXEEf7sl3izJcw0GIn']	['Skryptonite']	1	Solo	2015	0.0	0.0	3.0	0.325	0.358	0.416	0.356	0.173	-10.972	0.0596	0.128	139.945	1614777
7biChppM3c8q7qcVl7ceb2	ЛАБИРИНТ	63	False	2	184	169130	['2z20q6EEfm6w6PiIKsgtb3']	['FACE']	1	Solo	2019-10-01	4.0	0.0	4.0	0.213	0.866	0.722	0.0	0.183	-6.497	0.143	0.912	137.969	1285314
4NSljHZ9Uwr8uBwKgFisR1	она хочет быть моделью	48	True	1	184	158392	['6o7TsOGOEF5Mqpiz2KCyWE', '5VKufGMVAZ6fs111xYNKnU']	['HammAli & Navai', 'MACAN']	2	Collaboration	2021-12-10	5.0	0.0	4.0	0.153	0.736	0.692	0.0	0.103	-6.203	0.108	0.656	153.186	224042
0miDZPhTC5rLUc514v6Pck	Cumback	40	True	1	184	110412	['2TaI860P5qyn702NYQy7AP']	['Nekoglai']	1	Solo	2022-03-03	10.0	0.0	4.0	0.0207	0.958	0.558	0.0	0.0886	-4.833	0.0846	0.53	100.035	468262
4qQPLqDtganDNfD3R1WUly	БЫЛО	0	False	1	0	155076	['5A9NWhs9ydYZPGgvcWI8Ms']	['LOVV66']	1	Solo	2022-03-04	1.0	1.0	4.0	0.668	0.791	0.396	0.000359	0.108	-10.666	0.0601	0.348	129.885	75618
4vvkdSOfuve7DBxsrVzVDP	Slip & Slide	0	True	11	0	114509	['5NMwoStnfHT4LdETlJSwDT', '5NipqMGsY4AUeb7kGT8aVz']	['Big Baby Tape', 'kizaru']	2	Collaboration	2021-10-22	1.0	1.0	4.0	0.000795	0.921	0.651	6.86e-05	0.365	-6.533	0.116	0.311	97.495	275201
0UDtb0fUqBkpXLF52Ry2lg	ХЛОПАЙ	47	True	6	184	122532	['2SeRP5iAIhVec4azKHJzjX']	['INSTASAMKA']	1	Solo	2021-11-19	3.0	1.0	4.0	0.0545	0.884	0.576	0.0	0.213	-5.607	0.226	0.671	95.986	513251
2YoxDGthhgFgPa88Q14lXr	Алик	30	True	1	184	283636	['0OCyDRYamSDX0nSnJ59W1u']	['GUF']	1	Solo	2022-02-04	3.0	0.0	4.0	0.33	0.683	0.586	0.0	0.0599	-7.084	0.295	0.802	87.866	100214
0WBErOmwDKkuWCHGaBrT6g	Я тебе не верю	51	False	15	184	244800	['2eLrVxwm6t4QeaORq5w8VW', '1Zb7mgt9TRL16FhZa6qhXf']	['Grigory Leps', 'Irina Allegrova']	2	Collaboration	2009-09-01	2.0	0.0	4.0	0.248	0.598	0.806	0.0	0.156	-6.676	0.0377	0.545	130.107	50785
2Foc5Q5nqNiosCNqttzHof	Get Lucky (Radio Edit) [feat. Pharrell Williams and Nile Rodgers]	84	False	1	184	248413	['4tZwfgrHOc3mvqYlEYSvVi', '2RdwBSPQiwcmiDo9kixcl8', '3yDIp0kaq9EFKe07X1X2rz']	['Daft Punk', 'Pharrell Williams', 'Nile Rodgers']	3	Collaboration	2013-04-19	6.0	0.0	4.0	0.0426	0.794	0.811	1.07e-06	0.101	-8.966	0.038	0.862	116.047	101085
1rumZ9uea6Yf7kWIaqUWUm	reGeneration	31	False	1	184	256000	['7kB4F3PktJEy9jbwI6ujjZ']	['Джизус']	1	Solo	2022-02-11	6.0	1.0	4.0	0.0351	0.33	0.616	0.104	0.0924	-7.116	0.0288	0.29	89.229	258766
6WX6YUtobLydEjuvFqVggj	Brooklyn	60	True	1	184	193148	['0hmUwzWBrPHpGWGrYH05c3', '6GSMqHdLtTCTR9pv5ytaTo']	['Miyagi & Andy Panda', 'TumaniYO']	2	Collaboration	2020-05-01	10.0	1.0	4.0	0.456	0.765	0.775	0.0	0.076	-6.05	0.388	0.7	89.231	2257147
25Eq0JtZADPCWGmggsb8TZ	Между нами война	30	False	1	0	180571	['4dsS37xSk8n0zdx7wRALNl']	['Султан Лагучев']	1	Solo	2021-05-28	11.0	0.0	4.0	0.0408	0.686	0.939	0.0	0.0864	-3.976	0.18	0.741	105.023	16827
0JRkvwGGP0GBrnGQaZpvry	Черный кот	13	True	1	0	142000	['2IGZnq5Ot1NquCpks3zO4o']	['Sqwore']	1	Solo	2022-02-17	5.0	1.0	4.0	0.0321	0.731	0.664	0.000107	0.108	-5.147	0.0438	0.361	123.42	133399
26yvlxKTtN2u3mpbl6AIeI	Антидепрессант	63	True	6	184	120215	['2z20q6EEfm6w6PiIKsgtb3']	['FACE']	1	Solo	2017-04-08	4.0	1.0	4.0	0.607	0.423	0.657	0.0296	0.304	-6.361	0.0486	0.567	129.904	70079
2ZhjooF9uMm7Luy21vGeSL	МИЛЛИОН ДОРОГ	34	False	1	184	117599	['55jryyk7RhvMbrvoF0ndBh']	['SLAVA MARLOW']	1	Solo	2021-12-25	0.0	0.0	4.0	0.24	0.652	0.455	0.0	0.184	-3.962	0.298	0.478	200.246	111651
7FyV5LIUxjyAFo51XK8g8z	False Mirror	0	True	1	0	142000	['7BfkOU5eSoYE9HZtfCrR3A']	['FLESH, LIZER']	1	Solo	2017-08-18	5.0	1.0	4.0	0.0579	0.759	0.643	0.0	0.153	-4.367	0.395	0.359	175.132	17235
2K7xn816oNHJZ0aVqdQsha	Softcore	87	False	5	184	206280	['77SW9BnxLY8rJ0RciFqkHh']	['The Neighbourhood']	1	Solo	2018-11-02	9.0	0.0	4.0	0.0484	0.575	0.568	0.000417	0.286	-5.509	0.03	0.37	93.986	2171319
1qtmO3AkZ2OBrPaxnaKnS6	Проснулся В Темноте	0	False	6	0	164295	['0ohUvVskERzK18bvWXFEqi']	['GONE.Fludd']	1	Solo	2019-11-22	4.0	0.0	4.0	0.0275	0.762	0.564	0.0	0.0797	-8.817	0.103	0.372	148.956	423675
0T5ulWVxXfpkq2gI5SHXPe	ШОПЛИФТЕР	40	True	12	184	200985	['0ne2rg2JwZmIy7X1aVNq7y', '7gmUEqRjXK144s5jQMVc8c', '0dYPNZqAPGnHiFTTy7qMxL', '1nnaE1FllcW0TlDdPVmdPg']	['163ONMYNECK', 'Yanix', 'FEARMUCH', 'Scally Milano']	4	Collaboration	2022-02-18	1.0	1.0	4.0	0.0147	0.752	0.605	0.0	0.13	-9.88	0.271	0.233	101.559	607954
70qbqCW6z92WESMZC1opsd	Нервы	24	False	1	0	158880	['10oSboDn5ncLNjjFIgJXm6']	['Нервы']	1	Solo	2012-05-22	2.0	0.0	4.0	0.000951	0.404	0.832	0.0	0.0595	-10.002	0.0896	0.31	90.782	1216698
6HWwx65IbS7PA2WKlvNbPS	диско элизиум	44	False	1	184	194181	['5rXtHvb8jMNgmSX7Khd77x']	['pyrokinesis']	1	Solo	2022-02-18	3.0	0.0	4.0	0.0322	0.51	0.754	6.99e-06	0.109	-5.608	0.162	0.399	220.049	606647
7ecbsiAQ6PNdiAq0hplVZo	Blessed-Cursed	71	False	9	184	170805	['5t5FqBwTcgKTaWmfEbwQY9']	['ENHYPEN']	1	Solo	2022-01-10	4.0	0.0	4.0	0.0925	0.604	0.886	0.0	0.596	-3.523	0.061	0.401	127.098	67536
57V0VhEg1CAkPXeaCLikNW	juggernaut (Prod. by PLVSTIC)	56	True	1	184	136798	['0TO6y1x0LQodwBnxGtQu9o']	['shadowraze']	1	Solo	2021-08-13	7.0	1.0	4.0	0.00288	0.7	0.657	0.0	0.26	-7.894	0.23	0.593	92.995	4049825
18asYwWugKjjsihZ0YvRxO	The Motto	84	False	1	183	164818	['2o5jDhtHVPhrJdv3cEQ99Z', '4npEfmQ6YuiwW1GpUmaq3F']	['Tiësto', 'Ava Max']	2	Collaboration	2021-11-04	7.0	0.0	4.0	0.0301	0.754	0.763	2.23e-05	0.0901	-4.627	0.0435	0.464	117.953	60045
6PQu0Z6jxOIKzAorA66ma2	Mazzaleen	46	True	1	184	175848	['2cYbwKKlCOv5VaoU9DZwGA']	['LIL KRYSTALLL']	1	Solo	2021-11-04	5.0	1.0	4.0	0.185	0.838	0.52	0.0	0.0737	-7.129	0.225	0.707	143.011	767414
2DYzsMQpO7xOw7b3JwyIWP	Кукла колдуна	65	False	1	184	202040	['0qc4X567Fs1DUbQ7bS2XSJ']	['Korol i Shut']	1	Solo	1998-08-05	2.0	0.0	4.0	0.0259	0.386	0.796	0.0	0.124	-4.76	0.0413	0.635	148.6	2106171
03TPcM9vWUmc8y6LkJAzwJ	No Love	61	True	1	184	127142	['3vw4wtxW7yv7yJSDqkIuUz']	['АДЛИН']	1	Solo	2021-09-20	11.0	1.0	4.0	0.0201	0.822	0.63	0.795	0.12	-7.681	0.0707	0.605	126.046	2189728
5mSsFzFN8RPDTnMVLaSuys	ДЕРЬМО ВСЕ	32	True	6	184	145500	['0ne2rg2JwZmIy7X1aVNq7y']	['163ONMYNECK']	1	Solo	2022-02-18	0.0	1.0	4.0	0.11	0.704	0.634	0.0	0.325	-8.206	0.0618	0.471	159.909	35003
7zrRkrRBG976jICRjzBx7t	Полный Бак	0	True	1	0	142058	['0wK21X7PTt89qH2aNCkXlA']	['BUSTER']	1	Solo	2022-01-28	5.0	0.0	4.0	0.113	0.742	0.591	0.0	0.401	-7.91	0.122	0.504	136.1	21328
658QJ4p8WcbT3O7iWLpO1D	Scary Garry	75	True	1	184	99748	['3Tv1UzQAvn0v0hKTxisXnR', '2ledyuziz6YjLK5Dw483Oc', '5kkVPwCLmdkqaSQpptZtXj']	['Kaito Shoma', 'DJ Paul', 'Kingpin Skinny Pimp']	3	Collaboration	2021-01-04	8.0	1.0	4.0	0.695	0.812	0.974	0.512	0.582	-2.327	0.227	0.064	153.979	1265344
1QyvurbWtrlEUK1ZnyHsyH	ДРЕССКОД	53	False	1	184	120094	['6w5qVRuob9t7rfBj9vQfJl']	['Nikitata']	1	Solo	2021-10-08	1.0	1.0	4.0	0.165	0.773	0.612	0.0726	0.299	-7.74	0.196	0.384	102.97	1106907
4mTPviBGRgjPxeaQFnBDW3	Дорадура	59	False	1	184	133984	['2eiThpX5zH6LFmqP2HY1hL']	['Дора']	1	Solo	2019-11-08	1.0	0.0	4.0	0.226	0.758	0.448	0.0	0.0825	-6.547	0.0551	0.607	119.965	2503022
7D8k995g6jdie4NF1E7Tpu	Лёд	59	False	1	184	152745	['4MbzUyEgKb5gSYXojwG7u5', '0u32PEQJMO9ufiSInHtKXt']	['WENARO', 'LXNER']	2	Collaboration	2021-07-12	8.0	1.0	4.0	0.169	0.636	0.794	0.0	0.161	-7.867	0.0642	0.953	172.088	5823114
